profile_id,rank,influence,effect_size,band,ai_feasibility,human_irreducibility,substitution_risk,mechanism_conflict,vendor_activity,hypothetical_ai_effect,notes
P42,1,Collective teacher efficacy,1.57,High,AI-RESISTANT,High,High,No conflict,Low,d≈0.15 [HYPOTHESIS]: AI dashboard only; collective trust cannot be automated,Emergent social construct; Bandura's four efficacy channels require physical collaboration and shared professional identity.
P06,2,Self-reported grades,1.33,High,AI-AUGMENTED,Medium,Low,Partial conflict,Low,d≈1.10 [HYPOTHESIS]: AI prompts reflection but student must retain metacognitive ownership,AI dashboards can scaffold prediction and tracking; student must do the self-assessment act or mechanism hollows out.
P43,3,Teacher estimates of achievement,1.29,High,AI-AUGMENTED,High,Medium,No conflict,Low,d≈0.90 [HYPOTHESIS]: AI risk-flagging supports but cannot replace teacher's localized judgment,"ML can flag risk trajectories; teacher must synthesize with relational, contextual knowledge of individual students."
P13,4,Cognitive task analysis,1.29,High,AI-AUGMENTED,Medium,Low,No conflict,Low,d≈1.00 [HYPOTHESIS]: AI can map task hierarchies; human expert must validate domain accuracy,LLMs can decompose complex domains into learning progressions; expert teacher validation of accuracy is non-negotiable.
P24,5,Response to intervention,1.29,High,AI-AUGMENTED,Medium,Medium,No conflict,High,d≈0.90 [HYPOTHESIS]: AI tier-tracking is legitimate; physical intervention delivery remains human,AI platforms can continuously monitor and flag tier transitions; targeted instruction must be physically delivered by trained humans.
P13,6,Piagetian programs,1.28,High,AI-AUGMENTED,Medium,Low,No conflict,Low,d≈0.70 [HYPOTHESIS]: AI can scaffold tasks matched to developmental stage; stage itself is biologically constrained,Cognitive developmental progression is biologically fixed; AI can support stage-matched task design but cannot engineer the developmental shift.
P25,7,Jigsaw method,1.20,High,AI-RESISTANT,High,High,Conflict present,Low,d≈0.30 [HYPOTHESIS]: AI group-composition optimization only; peer teaching exchange must be human,Physical peer-to-peer teaching exchange is the causal mechanism; AI optimizing group composition touches only logistics.
P13,8,Conceptual change programs,0.99,High,AI-AUGMENTED,Medium,Low,No conflict,Low,d≈0.75 [HYPOTHESIS]: AI misconception detection is legitimate; schema restructuring requires human follow-up,Generative AI can identify misconceptions in student writing and serve contrasting texts; deep schema restructuring benefits from teacher mediation.
P44,9,Prior ability,0.94,High,AI-ADJACENT,Low,Low,No conflict,Low,N/A — not a manipulable intervention,AI catalogs prior ability indicators; cannot alter baseline cognitive capacity.
P26,10,Strategy to integrate with prior knowledge,0.93,High,AI-AUGMENTED,Medium,Low,Partial conflict,High,d≈0.70 [HYPOTHESIS]: AI schema-mapping is promising; analogies must connect to student's actual prior knowledge,AI pre-diagnostic tasks can map active schema; customized analogies require accuracy about what student actually knows.
P06,11,Self-efficacy,0.92,High,AI-AUGMENTED,Medium,Low,Partial conflict,Low,d≈0.50 [HYPOTHESIS]: AI success loops help short-term; long-term efficacy requires trusted adult relationship,AI adaptive micro-scaffolds can foster immediate confidence; durable self-efficacy is built through human encouragement over time.
P25,12,Teacher credibility,0.90,High,AI-RESISTANT,High,High,Conflict present,Low,d≈-0.15 [HYPOTHESIS]: AI proxy degrades credibility; human delivery required,"Student perception of competence, trustworthiness, and goodwill is strictly interpersonal; AI fluency is not teacher credibility."
P24,13,Micro-teaching/video review of lessons,0.88,High,AI-AUGMENTED,Medium,Medium,No conflict,High,d≈0.75 [HYPOTHESIS]: AI video analysis is the legitimate use case; teacher must act on feedback,"AI computer vision can map talk-time, questioning patterns, and engagement; human teacher must interpret and adjust practice."
P06,14,Transfer strategies,0.86,High,AI-AUGMENTED,Medium,Low,Partial conflict,Low,d≈0.60 [HYPOTHESIS]: AI can generate diverse transfer problem sets; teacher must model abstract principles,AI generates near- and far-transfer problem sets; explicit modeling of cross-domain principles requires human instruction.
P45,15,Classroom discussion,0.82,High,AI-AUGMENTED,High,High,Conflict present,Moderate,d≈0.40 [HYPOTHESIS]: AI discourse mapping supports teacher; peer reasoning exchange must be human,Socio-cognitive friction and shared community context require physical peer presence; AI can map participation patterns and flag gaps.
P46,16,Scaffolding,0.82,High,AI-AUGMENTED,Medium,Medium,Partial conflict,High,d≈0.65 [HYPOTHESIS]: AI dynamic scaffolding is legitimate; fading must be explicitly programmed,AI tutoring platforms can adapt hint specificity and difficulty in real-time; systematic fading required to prevent permanent dependency.
P47,17,Deliberate practice,0.79,High,AI-AUGMENTED,Medium,Medium,Partial conflict,Low,d≈0.60 [HYPOTHESIS]: AI difficulty calibration is useful; expert feedback on specific error pattern requires human,Ericsson-model deliberate practice requires expert diagnosis of specific errors; AI handles adaptive difficulty but not expert qualitative feedback.
P48,18,Summarization,0.79,High,AI-NATIVE,Low,High,Conflict present,Low,d≈0.40 [HYPOTHESIS]: AI summarization delivery only if student does the summarizing,"Critical mechanism conflict: if AI summarizes for the student, student does not build the capacity. AI must evaluate student summaries, not produce them."
P27,19,Effort,0.77,High,AI-AUGMENTED,High,Low,No conflict,Low,d≈0.40 [HYPOTHESIS]: AI engagement monitoring supports; authentic persistence is human-mediated,AI disengagement detection and micro-incentives support effort; sustained academic persistence mediated by teacher relationships.
P49,20,Interventions for students with learning needs,0.77,High,AI-AUGMENTED,Medium,Medium,No conflict,Moderate,d≈0.55 [HYPOTHESIS]: AI assistive tools are legitimate augmentation; specialized physical therapy remains human,"AI-driven assistive software (TTS, interface adaptation) is legitimate; specialized physical and cognitive therapy requires trained human educators."
P28,21,Mnemonics,0.76,High,AI-NATIVE,Low,Low,No conflict,Low,d≈0.70 [HYPOTHESIS]: AI mnemonic generation at scale is genuinely AI-native,Procedural enough for full AI delivery; generative AI can produce personalized acronyms and retrieval associations at scale.
P26,22,Planning and prediction,0.76,High,AI-AUGMENTED,Medium,Low,Partial conflict,High,d≈0.55 [HYPOTHESIS]: AI platforms can require predictions before tasks; self-regulation act must be student's,AI can structure prediction prompts; mechanism conflict if AI does the planning for the student rather than requiring student to plan.
P51,23,Repeated reading programs,0.75,High,AI-NATIVE,Low,High,No conflict,Low,d≈0.65 [HYPOTHESIS]: AI voice recognition for fluency tracking is genuinely AI-native,AI real-time oral reading evaluation and word-level intervention is a legitimate AI-native implementation.
P50,24,Teacher clarity,0.75,High,AI-AUGMENTED,High,Medium,No conflict,Moderate,d≈0.60 [HYPOTHESIS]: AI can help draft clear learning goals; verbal delivery and live checking must be human,Generative AI assists in standardizing learning goals and logical sequences; classroom verbal delivery and active-listening checks remain human.
P06,25,Elaboration and organization,0.75,High,AI-AUGMENTED,Medium,Low,Partial conflict,Low,d≈0.55 [HYPOTHESIS]: AI Socratic prompts support; student must do the elaborating,"Mechanism conflict risk: AI must force student verbal elaboration, not produce elaboration on student's behalf."
P06,26,Evaluation and reflection,0.75,High,AI-AUGMENTED,Medium,Low,Partial conflict,Low,d≈0.55 [HYPOTHESIS]: AI reflection prompts are useful scaffolds; internalization requires human guidance,AI prompt systems generate self-evaluation questions; deep metacognitive internalization of error requires teacher-guided think-alouds.
P06,27,Reciprocal teaching,0.74,High,AI-AUGMENTED,Medium,Low,Partial conflict,Low,d≈0.50 [HYPOTHESIS]: AI can model four strategies; social peer-teaching structure is human-centric,AI avatars can model predict/clarify/question/summarize; the peer-teaching social exchange requires physical human presence.
P28,28,Rehearsal and memorization,0.73,High,AI-NATIVE,Low,Low,No conflict,Low,d≈0.65 [HYPOTHESIS]: Spaced repetition automation is genuinely AI-native,Procedural; AI flashcard and spacing platforms automate retrieval loops based on forgetting curve mathematics effectively.
P27,29,Comprehensive instructional programs for teachers,0.72,High,AI-AUGMENTED,High,Low,No conflict,Low,d≈0.55 [HYPOTHESIS]: AI can support PD logistics and content; human coaching and reflection remain essential,AI can scaffold PD content delivery and resource curation; teacher learning through peer observation and coaching is human-dependent.
P13,30,Help seeking,0.72,High,AI-AUGMENTED,Medium,Low,No conflict,Low,d≈0.50 [HYPOTHESIS]: AI can lower threshold for help-seeking; psychological safety requires human relationship,"AI can reduce friction of seeking help (anonymous questions, peer matching); the interpersonal safety required depends on human classroom climate."
P52,31,Phonics instruction,0.70,High,AI-AUGMENTED,Medium,High,No conflict,Low,d≈0.60 [HYPOTHESIS]: AI voice recognition for phonics is legitimate augmentation; human decoding instruction remains anchor,AI voice recognition assesses phonemic awareness effectively; structured human instruction in grapheme-phoneme mapping remains the pedagogical anchor.
P53,32,Feedback,0.70,High,AI-AUGMENTED,Medium,High,Partial conflict,High,d≈0.50 [HYPOTHESIS]: AI fast task-level feedback is legitimate; relational and self-regulation feedback must be human,Most-cited EdTech claim. Mechanism conflict: AI feedback can enable system-gaming (clicking hints for answers). One-third of feedback studies show negative effects. Vendor claims routinely strip this caveat.
P29,33,Deep motivation and approach,0.69,Above hinge,AI-AUGMENTED,High,Low,No conflict,Low,d≈0.35 [HYPOTHESIS]: AI gamification supports short-term focus; deep motivational orientation requires human mentorship,Deep motivational orientation stems from interpersonal academic identity formation; AI gamification handles surface engagement only.
P03,34,Field independence,0.68,Above hinge,AI-AUGMENTED,Medium,Low,No conflict,Low,d≈0.30 [HYPOTHESIS]: AI task design can target field-independent demands; underlying cognitive trait is not malleable by AI,AI can design tasks that practice field-independent processing; cannot directly alter the underlying cognitive style.
P03,35,Acceleration programs,0.68,Above hinge,AI-AUGMENTED,Medium,Low,No conflict,Low,d≈0.55 [HYPOTHESIS]: AI curriculum pacing is legitimate; human mentorship for gifted students remains important,AI can path gifted students through advanced curricula; human mentorship for advanced learners addresses social-emotional needs AI cannot.
P54,36,Learning goals vs. no goals,0.68,Above hinge,AI-AUGMENTED,Low,Low,Partial conflict,Moderate,d≈0.50 [HYPOTHESIS]: AI goal-setting prompts are useful; accountability requires teacher enforcement,AI onboarding engines can prompt explicit goal formulation; mechanism conflict if AI sets goals for student rather than requiring student to formulate them.
P31,37,Problem-solving teaching,0.68,Above hinge,AI-AUGMENTED,High,Low,Partial conflict,Low,d≈0.45 [HYPOTHESIS]: AI can co-design problem scenarios; heuristic modeling and error processing must be human-guided,Rich problem-solving scenarios can be AI-generated; group facilitation and modeling of problem-solving heuristics requires human teacher.
P04,38,Outlining and transforming,0.66,Above hinge,AI-AUGMENTED,Medium,Low,Partial conflict,Low,d≈0.45 [HYPOTHESIS]: AI NLP evaluation of outlines is useful; student must do the transforming,"Mechanism conflict: AI must evaluate student-produced outlines, not generate outlines for students."
P55,39,Concept mapping,0.64,Above hinge,AI-AUGMENTED,Medium,Medium,Partial conflict,Low,d≈0.45 [HYPOTHESIS]: AI mapping tools are useful scaffolds; student must construct the map,AI can visualize conceptual hierarchies from student text; student must do the conceptual construction or mechanism is bypassed.
P14,40,Vocabulary programs,0.62,Above hinge,AI-NATIVE,Low,High,No conflict,Low,d≈0.55 [HYPOTHESIS]: Spaced retrieval vocabulary at scale is genuinely AI-native,AI vocabulary engines deploying spaced retrieval and contextual sentence-building are a legitimate AI-native implementation.
P04,41,Creativity programs,0.62,Above hinge,AI-AUGMENTED,Medium,Low,Partial conflict,Low,d≈0.35 [HYPOTHESIS]: AI divergent prompts support; collaborative evaluation requires human facilitators,AI provides diverse divergent-thinking prompts; subjective elaboration and collaborative creative evaluation require human facilitation.
P20,42,Behavioral intervention programs,0.62,Above hinge,AI-RESISTANT,High,High,Conflict present,Moderate,d≈0.10 [HYPOTHESIS]: AI monitoring only; direct behavior modification requires human relationship,"Behavior modification requires physical presence, relational authority, and embodied social judgment; AI monitoring is peripheral."
P04,43,Setting standards for self-judgement,0.62,Above hinge,AI-AUGMENTED,Medium,Low,Partial conflict,Low,d≈0.45 [HYPOTHESIS]: AI rubric co-construction is useful; self-appraisal requires human validation,AI can co-construct rubrics from historical baselines; student self-appraisal accuracy requires human calibration and validation.
P29,44,Teachers not labeling students,0.61,Above hinge,AI-AUGMENTED,High,Low,No conflict,Low,d≈0.40 [HYPOTHESIS]: AI anonymization of grading reduces bias; conscious relationship-building remains human,AI blind grading can reduce expectation bias in assessment; teacher's ongoing cultivation of open-minded relationships is irreducibly human.
P03,45,Relations of high school to university achievement,0.60,Above hinge,AI-AUGMENTED,Medium,Low,No conflict,Low,d≈0.40 [HYPOTHESIS]: AI transition scaffolding is useful; human advising for individual pathways remains important,AI can map academic readiness indicators; human advising for individual transition decisions requires contextual judgment.
P56,46,Meta-cognitive strategies,0.60,Above hinge,AI-AUGMENTED,Medium,Low,Partial conflict,High,d≈0.40 [HYPOTHESIS]: AI prompts are useful scaffolds only if systematically faded,"Critical mechanism conflict: perpetual AI Socratic prompting creates cognitive dependency. Without systematic fading, AI acts as external regulator, hollowing out independent metacognitive capacity."
P03,47,Spaced vs. mass practice,0.60,Above hinge,AI-AUGMENTED,Medium,Low,No conflict,Low,d≈0.55 [HYPOTHESIS]: AI scheduling of spaced practice is a legitimate use case,AI can automate optimal spacing intervals; human teacher must ensure alignment to curriculum sequence and assess transfer.
P10,48,Direct instruction,0.60,Above hinge,AI-AUGMENTED,Medium,Medium,No conflict,Low,d≈0.45 [HYPOTHESIS]: AI can generate structured worked examples; live lesson delivery and comprehension checking must be human,Highly structured AI worked examples and practice items are legitimate; teacher orchestration of active-listening checks and live instruction is essential.
P15,49,Mathematics programs,0.59,Above hinge,AI-AUGMENTED,Medium,High,No conflict,Low,d≈0.45 [HYPOTHESIS]: AI adaptive math practice is legitimate augmentation; conceptual instruction remains human,AI adaptive math practice platforms are a legitimate augmentation; conceptual modeling and misconception remediation require human teacher.
P04,50,Appropriately challenging goals,0.59,Above hinge,AI-AUGMENTED,Medium,Low,Partial conflict,Low,d≈0.45 [HYPOTHESIS]: AI challenge calibration is useful; goal ownership must remain with student,AI can calibrate task difficulty to zone of proximal development; mechanism conflict if AI sets goals rather than supporting student to set them.
P30,51,Spelling programs,0.58,Above hinge,AI-NATIVE,Low,Low,No conflict,Low,d≈0.50 [HYPOTHESIS]: Automated spelling practice with error tracking is genuinely AI-native,Procedural; AI can deliver adaptive spelling retrieval with immediate corrective feedback at scale.
P09,52,Tactile stimulation programs,0.58,Above hinge,AI-RESISTANT,High,High,Conflict present,Low,d≈0.05 [HYPOTHESIS]: Physical sensory stimulation cannot be AI-mediated,Embodied physical stimulation is the causal mechanism; AI has no role in the core intervention.
P57,53,Strategy monitoring,0.58,Above hinge,AI-AUGMENTED,Medium,Low,Partial conflict,Moderate,d≈0.40 [HYPOTHESIS]: AI can prompt strategy monitoring; student must do the monitoring,"Mechanism conflict risk: AI must scaffold student self-monitoring, not monitor for the student."
P09,54,Service learning,0.58,Above hinge,AI-RESISTANT,High,High,Conflict present,Low,d≈0.10 [HYPOTHESIS]: Physical community engagement is the causal mechanism,Embodied civic action and community relationship-building cannot be replicated by AI; mechanism is entirely human and contextual.
P07,55,Working memory strength,0.57,Above hinge,AI-ADJACENT,Low,Low,No conflict,Low,"N/A — cognitive trait, not manipulable intervention",AI may track working memory demands of tasks; cannot alter underlying working memory capacity.
P07,56,Full compared to pre-term/low birth weight,0.57,Above hinge,AI-ADJACENT,Low,Low,No conflict,Low,"N/A — biological/developmental variable, not an intervention",Not a manipulable intervention; AI has no role in the causal mechanism.
P32,57,Mastery learning,0.57,Above hinge,AI-AUGMENTED,Medium,High,Partial conflict,High,d≈0.50 [HYPOTHESIS]: AI mastery gating is legitimate; teacher must validate transfer and unstick stuck students,Software-defined mastery often assesses procedural retrieval only. Deep conceptual transfer and self-pacing accountability require human oversight. Vendor claims of 100% mastery are unsupported.
P10,58,Explicit teaching strategies,0.57,Above hinge,AI-AUGMENTED,Medium,Medium,No conflict,Low,d≈0.45 [HYPOTHESIS]: AI can generate explicit strategy instruction materials; live delivery and checking remain human,AI can structure explicit strategy sequences; teacher delivery of modeling and guided practice is the human layer.
P14,59,Technology with learning needs students,0.57,Above hinge,AI-NATIVE,Low,High,No conflict,Low,d≈0.50 [HYPOTHESIS]: AI assistive technology is a legitimate AI-native zone for this population,Strongest legitimate AI-native case in the dataset for specific learning needs; specialized human educator oversight still required.
P03,60,Concentration/persistence/engagement,0.56,Above hinge,AI-AUGMENTED,Medium,Low,No conflict,Low,d≈0.35 [HYPOTHESIS]: AI engagement monitoring is useful; authentic persistence is human-mediated,AI disengagement detection triggers micro-interventions; sustained concentration and persistence require teacher relationship and task design.
P07,61,Prior achievement,0.55,Above hinge,AI-ADJACENT,Low,Low,No conflict,Low,"N/A — background variable, not a manipulable intervention",AI tracks prior achievement indicators; cannot alter the underlying achievement baseline.
P03,62,Visual-perception programs,0.55,Above hinge,AI-AUGMENTED,Medium,Low,No conflict,Low,d≈0.40 [HYPOTHESIS]: AI visual task adaptation is useful; specialist human assessment required for diagnosis,AI can adapt visual complexity of materials; clinical diagnosis and specialist intervention require human professionals.
P21,63,Self-verbalization and self-questioning,0.55,Above hinge,AI-AUGMENTED,Medium,High,Partial conflict,Moderate,d≈0.40 [HYPOTHESIS]: AI prompts can scaffold self-verbalization; student must produce the internal dialogue,"Mechanism conflict: AI must require student to verbalize, not provide the verbalization for them."
P20,64,Cooperative vs. individualistic learning,0.55,Above hinge,AI-RESISTANT,High,High,Conflict present,Moderate,d≈0.10 [HYPOTHESIS]: Cooperative dynamic requires physical peer interdependence,Social interdependence theory requires genuine human peer collaboration; AI cannot replicate group accountability and shared social stakes.
P14,65,Technology in other subjects,0.55,Above hinge,AI-NATIVE,Low,High,No conflict,Low,d≈0.40 [HYPOTHESIS]: AI content delivery in non-core subjects is a legitimate use case,Reasonable AI-native zone for procedural and content-delivery tasks in non-core subjects; teacher curriculum alignment required.
P33,66,Practice testing,0.54,Above hinge,AI-NATIVE,Low,High,Partial conflict,Low,d≈0.50 [HYPOTHESIS]: AI automated micro-quizzing is genuinely AI-native; answer-reveal timing is critical design variable,Mechanism conflict risk: immediate answer reveal after wrong response bypasses necessary retrieval effort. AI must require retrieval before providing correct answer.
P30,67,Interactive video methods,0.54,Above hinge,AI-NATIVE,Low,Low,No conflict,Low,d≈0.45 [HYPOTHESIS]: AI-enhanced interactive video with embedded questions is AI-native,Procedural; AI can embed adaptive questioning and branching within video content effectively.
P03,68,Second/third chance programs,0.53,Above hinge,AI-AUGMENTED,Medium,Low,No conflict,Low,d≈0.40 [HYPOTHESIS]: AI can structure re-attempt pathways; human accountability for engagement remains important,AI can design structured re-attempt workflows; human teacher must maintain accountability for genuine re-engagement rather than procedural repetition.
P03,69,Enrichment programs,0.53,Above hinge,AI-AUGMENTED,Medium,Low,No conflict,Low,d≈0.40 [HYPOTHESIS]: AI content curation for enrichment is useful; mentorship and depth require human,AI can curate enrichment resources and adaptive challenge; depth of intellectual mentorship requires human expert relationship.
P09,70,Positive peer influences,0.53,Above hinge,AI-RESISTANT,High,High,Conflict present,Low,d≈0.05 [HYPOTHESIS]: Peer influence is a social-contextual mechanism AI cannot replicate,"Social norm transmission, peer modeling, and belonging are embedded in physical peer community; AI cannot substitute."
P16,71,Peer tutoring,0.53,Above hinge,AI-RESISTANT,High,Medium,Conflict present,Low,d≈0.10 [HYPOTHESIS]: Peer teaching exchange requires physical human presence,"Social-emotional teaching exchange, the act of one student teaching another, is the mechanism; AI monitoring of pairs is peripheral."
P16,72,Cooperative vs. competitive learning,0.53,Above hinge,AI-RESISTANT,High,Medium,Conflict present,Low,d≈0.10 [HYPOTHESIS]: Cooperative social dynamic requires physical human interdependence,Social interdependence and group accountability require physical human presence; AI cannot replicate genuine cooperative stakes.
P09,73,Positive family/home dynamics,0.52,Above hinge,AI-RESISTANT,High,High,Conflict present,Low,d≈0.05 [HYPOTHESIS]: Family relational dynamics are not AI-addressable,"Embodied family relationships, warmth, stability, and shared routines are the mechanism; AI has no meaningful role in the causal chain."
P07,74,Socio-economic status,0.52,Above hinge,AI-ADJACENT,Low,Low,No conflict,Low,"N/A — structural variable, not a manipulable intervention",AI cannot alter household income or socioeconomic barriers; at best AI can optimize resource allocation within existing constraints.
P20,75,Teacher-student relationships,0.52,Above hinge,AI-RESISTANT,High,High,Conflict present,Moderate,d≈0.05 [HYPOTHESIS]: AI administrative support only; face-to-face relationship time is the mechanism,"Empathetic, trusting interpersonal connection is the causal mechanism. AI automating grading can free teacher time for relationships; AI cannot be the relationship."
P21,76,Self-regulation strategies,0.52,Above hinge,AI-AUGMENTED,Medium,High,Partial conflict,Moderate,d≈0.40 [HYPOTHESIS]: AI can scaffold self-regulation prompts; systematic fading required,Mechanism conflict: perpetual AI scaffolding of self-regulation prevents student from internalizing the regulatory capacity.
P03,77,Record keeping,0.52,Above hinge,AI-AUGMENTED,Medium,Low,No conflict,Low,d≈0.45 [HYPOTHESIS]: AI record-keeping automation is a legitimate use case,"Procedural logistics; AI can automate record-keeping and surface patterns, freeing teacher time for interpretation and action."
P09,78,Play programs,0.50,Above hinge,AI-RESISTANT,High,High,Conflict present,Low,"d≈0.05 [HYPOTHESIS]: Physical, embodied, unstructured play is the mechanism","Embodied physical play, social negotiation, and intrinsic exploration cannot be replicated by AI-mediated interaction."
P60,79,Parental involvement,0.50,Above hinge,AI-RESISTANT,High,Medium,Partial conflict,Low,d≈0.15 [HYPOTHESIS]: AI communication tools reduce friction; actual parental engagement is human,AI portals can streamline school-home communication; parental academic encouragement and home learning support are irreducibly human.
P03,80,Student rating of quality of teaching,0.50,Above hinge,AI-AUGMENTED,Medium,Low,No conflict,Low,d≈0.35 [HYPOTHESIS]: AI can aggregate and pattern student feedback; teacher interpretation and response must be human,AI can systematize student feedback collection and surface patterns; teacher must interpret and act on feedback meaningfully.
P58,81,Note taking,0.50,Above hinge,AI-AUGMENTED,Medium,High,Conflict present,Low,d≈0.30 [HYPOTHESIS]: Student must take the notes; AI transcription bypasses the mechanism entirely,Critical mechanism conflict: AI note-taking (transcription) removes the encoding process that generates the learning benefit. Student must produce the notes.
P59,82,Underlining and highlighting,0.50,Above hinge,AI-AUGMENTED,Medium,Low,Conflict present,Low,d≈0.25 [HYPOTHESIS]: Student must select what to highlight; AI highlighting bypasses the discrimination process,Mechanism conflict: the act of discriminating important from unimportant information is the learning process; AI doing it removes the benefit.
P03,83,Time on task,0.49,Above hinge,AI-AUGMENTED,Medium,Low,No conflict,Low,d≈0.35 [HYPOTHESIS]: AI engagement monitoring supports time-on-task; teacher management of environment is essential,AI can detect off-task behavior; physical classroom environment and teacher authority manage sustained engagement.
P15,84,Science programs,0.48,Above hinge,AI-AUGMENTED,Medium,High,No conflict,Low,d≈0.40 [HYPOTHESIS]: AI simulation and adaptive content are useful augmentation; inquiry facilitation remains human,AI science simulations and adaptive content delivery are legitimate; teacher facilitation of inquiry and experimental reasoning is human.
P61,85,Generalized school effects,0.48,Above hinge,AI-ADJACENT,Medium,Low,No conflict,Low,N/A — aggregate institutional variable,Broad institutional quality variable; AI can support administrative efficiency but does not address the underlying human institutional factors.
P04,86,Clear goal intentions,0.48,Above hinge,AI-AUGMENTED,Medium,Low,Partial conflict,Low,d≈0.35 [HYPOTHESIS]: AI goal-setting prompts are useful; student must formulate the goals,"Mechanism conflict risk: AI must require student to articulate goals, not supply goals to the student."
P15,87,Providing formative evaluation,0.48,Above hinge,AI-AUGMENTED,Medium,High,No conflict,Low,d≈0.40 [HYPOTHESIS]: AI formative data collection is legitimate; teacher interpretation and instructional adjustment are human,AI can automate formative assessment collection and visualization; teacher must interpret patterns and adjust live instruction.
P21,88,Questioning,0.48,Above hinge,AI-AUGMENTED,Medium,High,Partial conflict,Moderate,d≈0.35 [HYPOTHESIS]: AI can generate question sets; live classroom questioning discourse requires human teacher,Socratic live questioning that adapts to student verbal responses in real-time requires human teacher; AI generates practice question sets.
P62,89,Intelligent tutoring systems,0.48,Above hinge,AI-NATIVE,Low,High,Partial conflict,High,d≈0.45 curriculum-aligned [HYPOTHESIS]; d≈0.20 unconstrained chat [HYPOTHESIS],"Legitimate AI-native zone only with curriculum constraint, learner modeling, step-level feedback, and teacher oversight. Real-world compliance collapses without human enforcement. Vendor claims of Bloom's two-sigma solution are unsupported."
P03,90,Comprehension programs,0.47,Above hinge,AI-AUGMENTED,Medium,Low,No conflict,Low,d≈0.35 [HYPOTHESIS]: AI adaptive reading comprehension tools are useful; teacher-led discussion of meaning remains essential,AI adaptive comprehension tasks are legitimate augmentation; teacher-facilitated meaning-making discussion is the human layer.
P03,91,Integrated curricula programs,0.47,Above hinge,AI-AUGMENTED,Medium,Low,No conflict,Low,d≈0.35 [HYPOTHESIS]: AI cross-curricular content mapping is useful; teacher design of integrated units remains human,AI can surface cross-domain connections; teacher must design coherent integrated learning experiences.
P16,92,Small group learning,0.47,Above hinge,AI-RESISTANT,High,Medium,Conflict present,Low,d≈0.10 [HYPOTHESIS]: Small group social dynamics require physical human presence,Relational safety and peer accountability within small groups require physical co-presence; AI facilitation degrades the mechanism.
P63,93,Information communications technology (ICT),0.47,Above hinge,AI-ADJACENT,Low,High,No conflict,Low,N/A — broad pre-LLM technology bucket; do not use as evidence for modern AI products,Dangerous misuse target: this aggregate pre-dates LLMs. Vendors citing this number for generative AI products are making an unsupported claim.
P03,94,Perceived task value,0.46,Above hinge,AI-AUGMENTED,Medium,Low,No conflict,Low,d≈0.30 [HYPOTHESIS]: AI task design can build relevance connections; authentic value perception requires human context,AI can frame tasks with real-world relevance connections; perception of genuine value is shaped by human teacher modeling and classroom culture.
P64,95,Study skills,0.46,Above hinge,AI-AUGMENTED,Medium,High,Partial conflict,Low,d≈0.35 [HYPOTHESIS]: AI study scaffolds are useful; student must practice the skills independently,"Mechanism conflict: AI must scaffold practice of study skills, not execute study skills for the student."
P07,96,Relative age within a class,0.45,Above hinge,AI-ADJACENT,Low,Low,No conflict,Low,N/A — structural demographic variable,Not manipulable; AI cannot alter a student's age relative to classmates.
P32,97,Writing programs,0.45,Above hinge,AI-AUGMENTED,Medium,High,Partial conflict,High,d≈0.35 [HYPOTHESIS]: AI writing feedback is useful; student must produce the writing,"High mechanism conflict risk: AI ghostwriting is the antithesis of the intervention. AI must evaluate and respond to student-produced writing, not produce writing for students."
P04,98,Imagery,0.45,Above hinge,AI-AUGMENTED,Medium,Low,Partial conflict,Low,d≈0.35 [HYPOTHESIS]: AI can prompt and scaffold imagery use; student must generate the mental images,Student-generated mental imagery is the mechanism; AI can prompt and guide the process but must not substitute images for the student.
P03,99,Achieving motivation and approach,0.44,Above hinge,AI-AUGMENTED,Medium,Low,No conflict,Low,d≈0.30 [HYPOTHESIS]: AI gamification supports achievement orientation; deep motivational identity requires human relationship,Achievement motivation is shaped by interpersonal academic identity; AI gamification handles surface orientation only.
P03,100,Early years' interventions,0.44,Above hinge,AI-AUGMENTED,Medium,Low,No conflict,Low,d≈0.30 [HYPOTHESIS]: AI can support early years content delivery; relational care and physical stimulation remain human,"Early childhood development requires physical human care, warmth, and embodied interaction; AI has a limited support role only."
P34,101,Strong classroom cohesion,0.44,Above hinge,AI-RESISTANT,High,Low,Conflict present,Low,d≈0.05 [HYPOTHESIS]: Classroom community is built through shared physical experience,"Social belonging, shared identity, and collective classroom culture require physical co-presence and human teacher cultivation."
P04,102,Inductive teaching,0.44,Above hinge,AI-AUGMENTED,Medium,Low,Partial conflict,Low,d≈0.35 [HYPOTHESIS]: AI can generate inductive example sets; teacher facilitation of reasoning process remains essential,AI generates diverse examples for pattern discovery; teacher facilitation of the inductive reasoning discussion is the human layer.
P14,103,Technology with elementary students,0.44,Above hinge,AI-NATIVE,Low,High,No conflict,Low,d≈0.35 [HYPOTHESIS]: AI content delivery for elementary students is a legitimate use case with strong oversight requirements,Legitimate AI-native zone for procedural content; developmental appropriateness and safeguarding require strong human teacher oversight.
P15,104,Exposure to reading,0.43,Above hinge,AI-AUGMENTED,Medium,High,No conflict,Low,d≈0.35 [HYPOTHESIS]: AI adaptive reading platforms increase exposure; teacher-modeled reading enthusiasm matters,AI can dramatically increase reading exposure through adaptive text selection; teacher modeling of reading as a valued activity shapes motivation.
P34,105,Outdoor/adventure programs,0.43,Above hinge,AI-RESISTANT,High,Low,Conflict present,Low,d≈0.05 [HYPOTHESIS]: Physical embodied challenge is the causal mechanism,"Outdoor challenge, physical risk management, and group resilience-building are entirely embodied; AI has no meaningful role."
P07,106,School size (600-900 students at secondary),0.43,Above hinge,AI-ADJACENT,Low,Low,No conflict,Low,N/A — structural institutional variable,Structural variable; AI cannot alter physical school size or the relational dynamics it creates.
P31,107,Teacher expectations,0.43,Above hinge,AI-AUGMENTED,High,Low,Partial conflict,Low,d≈0.30 [HYPOTHESIS]: AI can surface differential expectation patterns; teacher must consciously recalibrate,AI blind-grading and pattern detection can surface implicit low expectations; teacher must actively recalibrate their beliefs and behaviors.
P04,108,Philosophy in schools,0.43,Above hinge,AI-AUGMENTED,Medium,Low,Partial conflict,Low,d≈0.30 [HYPOTHESIS]: AI can provide philosophical texts and prompts; Socratic dialogue requires human facilitation,Community of inquiry requires human facilitation of genuine philosophical dialogue; AI can supply texts and seed questions.
P03,109,Teaching communication skills and strategies,0.43,Above hinge,AI-AUGMENTED,Medium,Low,No conflict,Low,d≈0.35 [HYPOTHESIS]: AI can scaffold communication skill practice; live human interaction for authentic communication remains essential,AI can structure communication skill practice tasks; authentic communication competency requires real human interaction.
P03,110,Motivation,0.42,Above hinge,AI-AUGMENTED,Medium,Low,No conflict,Low,d≈0.25 [HYPOTHESIS]: AI gamification supports surface motivation; intrinsic motivation requires human relationship and meaningful tasks,"Intrinsic motivation is shaped by autonomy, competence, and relatedness (SDT); AI supports competence feedback but relatedness requires human."
P03,111,Reducing anxiety,0.42,Above hinge,AI-AUGMENTED,Medium,Low,No conflict,Low,d≈0.25 [HYPOTHESIS]: AI can provide low-stakes practice environments; therapeutic anxiety reduction requires human relationship,AI low-stakes practice reduces performance anxiety around tasks; clinical anxiety management requires human therapeutic relationship.
P04,112,Elaborative interrogation,0.42,Above hinge,AI-AUGMENTED,Medium,Low,Partial conflict,Low,d≈0.35 [HYPOTHESIS]: AI why-questions are useful; student must generate the elaborations,"Mechanism conflict: AI must require student to generate explanations, not provide explanations to the student."
P10,113,Behavioral organizers,0.42,Above hinge,AI-AUGMENTED,Medium,Medium,No conflict,Low,d≈0.35 [HYPOTHESIS]: AI can generate advance organizers; teacher must connect organizer to live instruction,AI can generate visual advance organizers; teacher must connect them explicitly to live instructional sequence.
P65,114,Technology in writing,0.42,Above hinge,AI-NATIVE,Low,High,Conflict present,High,d≈0.20 [HYPOTHESIS]: Writing assistance tools only if student produces the writing,Critical mechanism conflict: AI writing tools that produce text for students are the antithesis of this intervention. Legitimate only as feedback and editing tools on student-produced writing.
P33,115,Technology with college students,0.42,Above hinge,AI-NATIVE,Low,High,Partial conflict,Low,d≈0.35 [HYPOTHESIS]: AI content delivery for college students is a legitimate use case; academic integrity monitoring required,Legitimate AI-native zone for procedural and content delivery; mechanism conflict risk high in writing and problem-solving tasks.
P03,116,Positive self-concept,0.41,Above hinge,AI-AUGMENTED,Medium,Low,No conflict,Low,d≈0.25 [HYPOTHESIS]: AI success scaffolding supports self-concept; durable self-concept requires human validation,Positive academic self-concept is built through mastery experiences validated by trusted adults; AI supports mastery experience design.
P10,117,Professional development programs,0.41,Above hinge,AI-AUGMENTED,Medium,Medium,No conflict,Low,d≈0.35 [HYPOTHESIS]: AI can support PD content and logistics; peer coaching and reflection remain human,"AI can curate and deliver PD content; peer observation, coaching relationships, and collaborative reflection are irreducibly human."
P03,118,Relating creativity to achievement,0.40,Above hinge,AI-AUGMENTED,Medium,Low,No conflict,Low,d≈0.25 [HYPOTHESIS]: AI can design creative achievement tasks; teacher validation of creative output matters,AI can structure tasks connecting creative and academic domains; teacher evaluation of creative quality shapes student perception of worth.
P04,119,Goal commitment,0.40,Above hinge,AI-AUGMENTED,Medium,Low,Partial conflict,Low,d≈0.30 [HYPOTHESIS]: AI accountability prompts support goal commitment; public commitment to human teacher strengthens it,"Mechanism conflict risk: AI must support student commitment to self-set goals, not set goals for students."
P16,120,Cooperative learning,0.40,Above hinge,AI-RESISTANT,High,Medium,Conflict present,Low,d≈0.10 [HYPOTHESIS]: Cooperative interdependence requires physical human presence,"Positive interdependence, individual accountability within groups, and face-to-face interaction are the mechanisms; AI cannot replicate."
P04,121,Inquiry-based teaching,0.40,Above hinge,AI-AUGMENTED,Medium,Low,Partial conflict,Low,d≈0.30 [HYPOTHESIS]: AI can scaffold inquiry resources; teacher facilitation of genuine inquiry reasoning is essential,AI can surface resources and scaffold inquiry structure; genuine inquiry reasoning and question-formation require human facilitation.
P10,122,After-school programs,0.40,Above hinge,AI-AUGMENTED,Medium,Medium,No conflict,Low,d≈0.25 [HYPOTHESIS]: AI can support after-school content; relational mentorship in these programs is human,After-school program benefits are partly relational and community-based; AI content delivery is peripheral to the human relationship component.
P17,123,Social skills programs,0.39,Below hinge,AI-RESISTANT,High,Medium,Conflict present,Low,d≈0.05 [HYPOTHESIS]: Social skill development requires physical human interaction,"Social skill acquisition requires embodied human interaction, real-time social feedback, and practice in genuine social contexts."
P11,124,Relations of high school achievement to career performance,0.38,Below hinge,AI-ADJACENT,Low,Medium,No conflict,Low,"N/A — correlation variable, not an intervention",Correlation between school and career performance; AI career mapping tools are adjacent but do not address the underlying mechanism.
P01,125,Drama/arts programs,0.38,Below hinge,AI-ADJACENT,Low,Low,No conflict,Low,d≈0.15 [HYPOTHESIS]: AI creative tools are peripheral; embodied artistic practice and human audience are the mechanism,"Arts learning benefits from embodied practice, human performance, and audience response; AI tools are peripheral."
P11,126,Career interventions,0.38,Below hinge,AI-ADJACENT,Low,Medium,No conflict,Low,d≈0.20 [HYPOTHESIS]: AI career information tools are useful; human mentorship and networking remain primary,"AI can provide career information and mapping; human mentorship, networking, and personal advising are the primary career intervention mechanisms."
P01,127,Music programs,0.37,Below hinge,AI-ADJACENT,Low,Low,No conflict,Low,d≈0.15 [HYPOTHESIS]: AI music tools are peripheral; embodied musical practice and human instruction are the mechanism,"Music learning requires embodied physical practice, human performance feedback, and ensemble social experience."
P36,128,Worked examples,0.37,Below hinge,AI-NATIVE,Low,Low,No conflict,Low,d≈0.30 [HYPOTHESIS]: AI generation of worked examples at scale is a legitimate AI-native use case,Procedural; AI can generate infinite correctly-worked examples aligned to student error patterns and curriculum level.
P66,129,Mobile phones,0.37,Below hinge,AI-ADJACENT,Low,High,No conflict,Low,d≈-0.30 [HYPOTHESIS]: AI learning apps on personal phones degrade learning through multitasking,Below hinge as educational tool; physical phone presence introduces cognitive load and off-task multitasking. Enforcement of bans requires human authority.
P01,130,Bilingual programs,0.36,Below hinge,AI-ADJACENT,Low,Low,No conflict,Low,d≈0.20 [HYPOTHESIS]: AI language tools support bilingual programs; human cultural and linguistic modeling remains primary,AI translation and language practice tools support bilingual instruction; human cultural competency and linguistic modeling are the primary mechanism.
P01,131,Student-centered teaching,0.36,Below hinge,AI-ADJACENT,Low,Low,No conflict,Low,d≈0.20 [HYPOTHESIS]: AI personalization supports student-centered design; teacher responsive judgment is the mechanism,Student-centered teaching requires teacher real-time responsiveness to student interests and needs; AI personalizes content selection peripherally.
P01,132,Attitude to content domains,0.35,Below hinge,AI-ADJACENT,Low,Low,No conflict,Low,d≈0.15 [HYPOTHESIS]: AI relevance framing may support attitude; teacher enthusiasm and modeling are primary,Content attitude is primarily shaped by teacher modeling of enthusiasm and relevance; AI framing is peripheral.
P17,133,Counseling effects,0.35,Below hinge,AI-RESISTANT,High,Medium,Conflict present,Low,d≈-0.10 [HYPOTHESIS]: AI counseling substitutes degrade therapeutic relationship,Therapeutic alliance is the primary mechanism of counseling effectiveness; AI chatbot substitution degrades genuine therapeutic relationship.
P17,134,Classroom management,0.35,Below hinge,AI-RESISTANT,High,Medium,Conflict present,Low,d≈0.05 [HYPOTHESIS]: Physical classroom authority cannot be AI-mediated,"Behavioral authority, physical presence, and relational credibility are the mechanisms of effective classroom management; AI has no meaningful role."
P35,135,Gaming/simulations,0.35,Below hinge,AI-NATIVE,Low,High,Partial conflict,Low,d≈0.28 [HYPOTHESIS]: AI-enhanced simulations are a legitimate use case; transfer to real learning requires human connection,AI can enhance simulation fidelity and adaptivity; teacher must explicitly connect simulation learning to curriculum and ensure transfer.
P01,136,Chess instruction,0.34,Below hinge,AI-ADJACENT,Low,Low,No conflict,Low,d≈0.20 [HYPOTHESIS]: AI chess tools support practice; human instruction and competitive motivation remain primary,AI chess engines provide unlimited practice opponents; human instruction in strategic thinking and competitive motivation are the primary mechanism.
P01,137,Motivation/character programs,0.34,Below hinge,AI-ADJACENT,Low,Low,No conflict,Low,d≈0.15 [HYPOTHESIS]: AI content delivery for character programs is peripheral; human modeling is primary,"Character and motivation programs work through human modeling, relational accountability, and school culture; AI content delivery is peripheral."
P12,138,Decreasing disruptive behavior,0.34,Below hinge,AI-RESISTANT,High,Low,Conflict present,Low,d≈0.05 [HYPOTHESIS]: Behavior de-escalation requires physical human presence and relational authority,"De-escalation of disruptive behavior requires physical presence, relational authority, and embodied social judgment; AI monitoring is peripheral."
P17,139,Collaborative learning,0.34,Below hinge,AI-RESISTANT,High,Medium,Conflict present,Low,d≈0.10 [HYPOTHESIS]: Collaborative learning requires physical human interdependence,"Genuine collaboration requires physical co-presence, real-time social negotiation, and shared accountability; AI-mediated collaboration degrades the mechanism."
P18,140,Teaching creative thinking,0.34,Below hinge,AI-ADJACENT,Low,Low,Partial conflict,Low,d≈0.15 [HYPOTHESIS]: AI divergent prompts are useful; human facilitation of creative evaluation is primary,"Creative thinking development requires human facilitation of evaluation, refinement, and social validation of creative output."
P01,141,Stereotype threat,0.33,Below hinge,AI-ADJACENT,Low,Low,No conflict,Low,N/A — psychological barrier variable; intervention is human-relational,Reducing stereotype threat requires human relational affirmation and belonging signals; AI has no meaningful role in the core mechanism.
P05,142,Technology in mathematics,0.33,Below hinge,AI-NATIVE,Low,High,No conflict,Low,d≈0.28 [HYPOTHESIS]: AI adaptive math practice is a legitimate use case but effect size is below hinge,Legitimate AI-native zone for procedural math practice; effect size below hinge means AI math tools should not substitute for high-effect human instruction.
P01,143,ADHD – treatment with drugs,0.32,Below hinge,AI-ADJACENT,Low,Low,No conflict,Low,N/A — pharmacological intervention,Medical treatment; AI has no role in the causal mechanism.
P23,144,Principals/school leaders,0.32,Below hinge,AI-RESISTANT,High,Low,No conflict,Low,d≈0.05 [HYPOTHESIS]: Leadership is relational and contextual; AI administrative support only,"Instructional leadership requires relational authority, contextual judgment, and embodied presence; AI administrative tools are peripheral."
P67,145,School climate,0.32,Below hinge,AI-RESISTANT,High,Medium,No conflict,Low,d≈0.05 [HYPOTHESIS]: School climate is a human social construct; AI monitoring is peripheral,"School climate is built through human relationships, shared norms, and leadership behavior; AI climate surveys are data-collection tools only."
P22,146,Average teacher effects,0.32,Below hinge,AI-ADJACENT,High,Low,No conflict,Low,N/A — aggregate variable describing teacher quality distribution,"Aggregate variable; individual teacher quality improvement requires human coaching, not AI."
P01,147,Adjunct aids,0.32,Below hinge,AI-ADJACENT,Low,Low,No conflict,Low,d≈0.20 [HYPOTHESIS]: AI can generate study aids; effect size below hinge limits value,"AI can generate summaries, glossaries, and study guides; effect size below hinge suggests these are insufficient as primary interventions."
P01,148,External accountability systems,0.31,Below hinge,AI-ADJACENT,Low,Low,No conflict,Low,d≈0.15 [HYPOTHESIS]: AI can support accountability reporting; systemic accountability is institutional,External accountability is structural and political; AI reporting tools are administrative supports only.
P01,149,Matching style of learning,0.31,Below hinge,AI-ADJACENT,Low,Low,No conflict,Low,N/A — learning styles theory lacks robust empirical support,"Learning styles as a construct has weak empirical support; AI personalization should be based on prior knowledge and performance, not style matching."
P01,150,Manipulative materials on math,0.30,Below hinge,AI-ADJACENT,Low,Low,No conflict,Low,d≈0.10 [HYPOTHESIS]: Physical manipulatives are the mechanism; AI virtual manipulatives are a weak substitute,Embodied physical manipulation of objects is the causal mechanism; virtual AI manipulatives have reduced physical encoding benefit.
P01,151,Ability grouping for gifted students,0.30,Below hinge,AI-ADJACENT,Low,Low,No conflict,Low,d≈0.15 [HYPOTHESIS]: AI can support flexible grouping logistics; grouping decisions require human judgment,Structural grouping decisions require human judgment about equity and individual student needs; AI can support logistics only.
P01,152,Teaching test taking and coaching,0.30,Below hinge,AI-ADJACENT,Low,Low,No conflict,Low,d≈0.25 [HYPOTHESIS]: AI test prep tools are a legitimate peripheral use case,AI test preparation tools are legitimate but address a below-hinge intervention; should not substitute for high-effect instructional investments.
P05,153,Technology with high school students,0.30,Below hinge,AI-NATIVE,Low,High,No conflict,Low,d≈0.25 [HYPOTHESIS]: AI content delivery for high school students is a legitimate use case; effect size below hinge,"Legitimate AI-native zone for procedural content at high school level; 0.30 effect size means AI tools should augment, not replace, high-effect human instruction."
P11,154,Mindfulness,0.29,Below hinge,AI-ADJACENT,Low,Medium,No conflict,Low,d≈0.15 [HYPOTHESIS]: AI-guided mindfulness apps are peripheral; human-facilitated practice is primary,Mindfulness practice benefits from human facilitation and relational context; AI apps provide scripts but not the relational embedding.
P12,155,Home visiting,0.29,Below hinge,AI-RESISTANT,High,Low,Conflict present,Low,d≈0.05 [HYPOTHESIS]: Physical home visiting relationship is the causal mechanism,"Physical presence in the home, relational trust between visitor and family, and embodied support are the mechanism; AI has no meaningful role."
P11,156,Cognitive behavioral programs,0.29,Below hinge,AI-ADJACENT,Low,Medium,No conflict,Low,d≈0.15 [HYPOTHESIS]: AI CBT tools are peripheral; therapeutic relationship is primary,Clinical CBT effectiveness depends on therapeutic alliance; AI tools may support between-session practice but cannot replace human therapeutic relationship.
P05,157,Online and digital tools,0.29,Below hinge,AI-NATIVE,Low,High,No conflict,Low,d≈0.25 [HYPOTHESIS]: AI-enhanced digital tools are a legitimate use case; effect size below hinge is the honest number,Legitimate AI-native zone; 0.29 effect size is the honest number vendors selling AI digital tools should be required to cite.
P05,158,Technology in reading/literacy,0.29,Below hinge,AI-NATIVE,Low,High,No conflict,Low,d≈0.25 [HYPOTHESIS]: AI reading tools are legitimate; effect size below hinge limits claim strength,Legitimate AI-native zone for reading technology; below hinge effect size means AI reading tools should not be primary literacy intervention.
P68,159,Homework,0.29,Below hinge,AI-RESISTANT,High,High,Conflict present,High,d≈-0.10 [HYPOTHESIS]: AI homework assistance degrades the mechanism,Critical mechanism conflict: homework works through independent practice and consolidation; AI assistance that provides answers bypasses the consolidation process entirely. High vendor activity makes this a dangerous zone.
P01,160,Desegregation,0.28,Below hinge,AI-ADJACENT,Low,Low,No conflict,Low,N/A — structural policy variable,Structural policy; AI has no role in the causal mechanism.
P01,161,Pre-school programs,0.28,Below hinge,AI-ADJACENT,Low,Low,No conflict,Low,d≈0.15 [HYPOTHESIS]: AI pre-school content tools are peripheral; human care and embodied play are primary,Early childhood development requires physical human care and embodied play; AI tools are peripheral to the primary developmental mechanism.
P01,162,Whole-school improvement programs,0.28,Below hinge,AI-ADJACENT,Low,Low,No conflict,Low,d≈0.10 [HYPOTHESIS]: AI data analytics support school improvement; the human organizational change work is primary,"School improvement requires human leadership, collective professional development, and organizational culture change; AI data analytics are a support tool."
P35,163,Use of calculators,0.27,Below hinge,AI-NATIVE,Low,High,Partial conflict,Low,d≈0.22 [HYPOTHESIS]: AI calculators are legitimate; mechanism conflict if used before conceptual understanding is established,Calculator use is appropriate after conceptual mastery; mechanism conflict if used to bypass the development of numerical reasoning.
P01,164,Mainstreaming/inclusion,0.27,Below hinge,AI-ADJACENT,Low,Low,No conflict,Low,d≈0.10 [HYPOTHESIS]: AI can support inclusion logistics; human specialist support is primary,"Inclusion requires human specialist support, relational integration, and physical co-presence; AI logistics tools are peripheral."
P01,165,Student personality attributes,0.26,Below hinge,AI-ADJACENT,Low,Low,No conflict,Low,"N/A — background variable, not a manipulable intervention",Personality traits are stable; AI cannot alter underlying student personality attributes.
P01,166,Exercise/relaxation,0.26,Below hinge,AI-ADJACENT,Low,Low,No conflict,Low,d≈0.10 [HYPOTHESIS]: AI fitness tracking is peripheral; physical activity is the mechanism,Physical exercise is the causal mechanism; AI wearables track but do not deliver the intervention.
P01,167,Lack of illness,0.26,Below hinge,AI-ADJACENT,Low,Low,No conflict,Low,"N/A — health variable, not a manipulable educational intervention",Student health is a background variable; AI health monitoring is peripheral to the educational mechanism.
P01,168,Out-of-school curricula experiences,0.26,Below hinge,AI-ADJACENT,Low,Low,No conflict,Low,d≈0.10 [HYPOTHESIS]: AI can facilitate access to out-of-school resources; embodied experiences are the mechanism,Embodied real-world experiences are the mechanism; AI can facilitate discovery and access but cannot substitute for the experiences themselves.
P12,169,Volunteer tutors,0.26,Below hinge,AI-RESISTANT,High,Low,Conflict present,Low,d≈0.05 [HYPOTHESIS]: Volunteer tutor relationship is the mechanism; AI substitution degrades it,The relational commitment of a volunteer tutor is part of the mechanism; AI substitution removes the human relationship element.
P18,170,Problem-based learning,0.26,Below hinge,AI-ADJACENT,Low,Low,Partial conflict,Low,d≈0.15 [HYPOTHESIS]: AI can scaffold PBL resources; human facilitation of genuine problem-solving reasoning is primary,Problem-based learning requires human facilitation of authentic problem-solving; AI resource scaffolding is peripheral.
P05,171,Use of PowerPoint,0.26,Below hinge,AI-NATIVE,Low,High,No conflict,Low,d≈0.20 [HYPOTHESIS]: AI presentation generation is a legitimate peripheral use case; effect size below hinge is the honest number,AI presentation tools are legitimate; 0.26 effect size means AI-generated slides should not be promoted as a significant learning intervention.
P37,172,Grit/incremental vs. entity thinking,0.25,Below hinge,AI-AUGMENTED,Medium,Low,No conflict,Low,d≈0.15 [HYPOTHESIS]: AI can scaffold growth mindset prompts; human modeling is primary,Growth mindset development requires human modeling of effort and persistence; AI prompts are a peripheral scaffold.
P01,173,Adopted vs non-adopted care,0.25,Below hinge,AI-ADJACENT,Low,Low,No conflict,Low,"N/A — family structure variable, not an educational intervention",Background variable; AI has no role in the causal mechanism.
P01,174,Religious schools,0.24,Below hinge,AI-ADJACENT,Low,Low,No conflict,Low,N/A — institutional context variable,Institutional and community context variable; AI has no role in the causal mechanism.
P01,175,Competitive vs. individualistic learning,0.24,Below hinge,AI-ADJACENT,Low,Low,No conflict,Low,d≈0.10 [HYPOTHESIS]: AI competition mechanics are peripheral; human social competition dynamic is primary,Competitive motivation is primarily social; AI leaderboards are a weak substitute for genuine peer competition.
P22,176,Intact (two-parent) families,0.23,Below hinge,AI-ADJACENT,High,Low,No conflict,Low,"N/A — family structure variable, not an educational intervention",Background variable; AI has no role in the causal mechanism.
P11,177,Summer school,0.23,Below hinge,AI-ADJACENT,Low,Medium,No conflict,Low,d≈0.15 [HYPOTHESIS]: AI can support summer learning content; relational engagement in summer programs is primary,Summer learning loss prevention requires sustained engagement; AI content delivery is peripheral to the relational and motivational challenge.
P22,178,Teacher personality attributes,0.23,Below hinge,AI-ADJACENT,High,Low,No conflict,Low,"N/A — teacher background variable, not a manipulable intervention",Teacher personality traits are stable background variables; AI cannot alter teacher personality.
P18,179,Individualized instruction,0.23,Below hinge,AI-ADJACENT,Low,Low,Partial conflict,Low,d≈0.18 [HYPOTHESIS]: AI personalization is useful; effect size below hinge suggests limited impact,AI personalization technically delivers individualized instruction; below-hinge effect size suggests individualization alone is insufficient without high-effect pedagogical strategies.
P36,180,Programmed instruction,0.23,Below hinge,AI-NATIVE,Low,Low,No conflict,Low,d≈0.18 [HYPOTHESIS]: AI is the natural evolution of programmed instruction; effect size below hinge limits claim strength,AI is the technological successor to programmed instruction; below-hinge effect size is the honest number for this intervention class.
P05,181,Technology in science,0.23,Below hinge,AI-NATIVE,Low,High,No conflict,Low,d≈0.18 [HYPOTHESIS]: AI science tools are a legitimate use case; effect size below hinge limits claim strength,Legitimate AI-native zone for science simulations and data tools; below-hinge effect size means AI science tools should not substitute for high-effect human instruction.
P12,182,Teacher verbal ability,0.22,Below hinge,AI-RESISTANT,High,Low,Conflict present,Low,d≈0.05 [HYPOTHESIS]: Teacher verbal modeling cannot be AI-substituted,"Teacher verbal modeling of precise, sophisticated language use is an embodied human mechanism; AI cannot replicate genuine verbal ability in a teacher."
P05,183,Clickers,0.22,Below hinge,AI-NATIVE,Low,High,No conflict,Low,d≈0.18 [HYPOTHESIS]: AI real-time response systems are a legitimate peripheral use case,AI polling and response systems are the natural successor to clickers; below-hinge effect size is the honest number.
P01,184,Visual/audio-visual methods,0.22,Below hinge,AI-ADJACENT,Low,Low,No conflict,Low,d≈0.15 [HYPOTHESIS]: AI multimedia generation is peripheral; teacher-facilitated sense-making is primary,AI can generate visual and multimedia content; teacher-facilitated interpretation and meaning-making is the primary mechanism.
P01,185,Finances,0.21,Below hinge,AI-ADJACENT,Low,Low,No conflict,Low,N/A — resource variable,School funding is a structural policy variable; AI has no role in the causal mechanism.
P01,186,Reducing class size,0.21,Below hinge,AI-ADJACENT,Low,Low,No conflict,Low,d≈0.10 [HYPOTHESIS]: AI classroom management tools are peripheral; physical teacher-to-student ratio is the variable,Structural variable; AI tools do not change the physical teacher-to-student ratio that drives the mechanism.
P37,187,Interleaved practice,0.21,Below hinge,AI-AUGMENTED,Medium,Low,No conflict,Low,d≈0.18 [HYPOTHESIS]: AI scheduling of interleaved practice is a legitimate use case; effect size below hinge,AI can schedule interleaved practice sequences; below-hinge effect size means interleaving alone is an insufficient primary strategy.
P18,188,Discovery-based teaching,0.21,Below hinge,AI-ADJACENT,Low,Low,Partial conflict,Low,d≈0.10 [HYPOTHESIS]: AI resource scaffolding is peripheral; genuine discovery requires human facilitation,Genuine discovery learning requires human facilitation of inquiry; AI resource provision is peripheral.
P69,189,Technology in small groups,0.21,Below hinge,AI-RESISTANT,High,High,Conflict present,Low,d≈0.05 [HYPOTHESIS]: Small group social dynamic is the mechanism; technology in groups often degrades collaboration,Physical small group interaction is the mechanism; technology introduction often degrades face-to-face collaboration rather than enhancing it.
P01,190,Student support programs – college,0.21,Below hinge,AI-ADJACENT,Low,Low,No conflict,Low,d≈0.15 [HYPOTHESIS]: AI support tools are peripheral; human advising and belonging are primary,"College student support works through human advising, belonging, and relational accountability; AI tools are logistical supports."
P01,191,Extra-curricula programs,0.20,Below hinge,AI-ADJACENT,Low,Low,No conflict,Low,d≈0.10 [HYPOTHESIS]: AI can support extra-curricular logistics; embodied participation and human mentorship are primary,"Extra-curricular benefits come from embodied participation, skill development, and human mentorship; AI logistics tools are peripheral."
P01,192,Engaged vs disengaged fathers,0.20,Below hinge,AI-ADJACENT,Low,Low,No conflict,Low,N/A — family engagement variable,Paternal engagement is a relational family variable; AI has no meaningful role in the causal mechanism.
P01,193,Aptitude/treatment interactions,0.19,Below hinge,AI-ADJACENT,Low,Low,No conflict,Low,d≈0.12 [HYPOTHESIS]: AI can personalize treatment to aptitude; interaction effects are complex and require human judgment,Aptitude-treatment matching requires complex human judgment about individual learner profiles; AI personalization is a weak proxy.
P01,194,Learning hierarchies-based approach,0.19,Below hinge,AI-ADJACENT,Low,Low,No conflict,Low,d≈0.15 [HYPOTHESIS]: AI can map learning hierarchies; curriculum sequencing decisions require human expertise,AI can generate prerequisite learning maps; teacher expertise in curriculum sequencing is the primary mechanism.
P01,195,Co- or team teaching,0.19,Below hinge,AI-ADJACENT,Low,Low,No conflict,Low,d≈0.10 [HYPOTHESIS]: AI coordination tools are peripheral; teacher collaborative relationship is the mechanism,Team teaching benefits from human professional collaboration and complementary expertise; AI coordination tools are logistical supports.
P01,196,Within class grouping,0.18,Below hinge,AI-ADJACENT,Low,Low,No conflict,Low,d≈0.12 [HYPOTHESIS]: AI can optimize group composition; grouping decisions require human judgment about equity,Flexible grouping requires human judgment about social dynamics and equity; AI composition optimization is a peripheral support.
P05,197,Web-based learning,0.18,Below hinge,AI-NATIVE,Low,High,No conflict,Low,d≈0.15 [HYPOTHESIS]: AI-enhanced web learning is legitimate; 0.18 effect size is the honest baseline,AI web-based learning platforms are a legitimate use case; 0.18 is the honest effect size baseline vendors should be required to cite.
P01,198,Lack of stress,0.17,Below hinge,AI-ADJACENT,Low,Low,No conflict,Low,N/A — background wellbeing variable,"Student stress levels are shaped by home, relational, and institutional factors; AI has no meaningful causal role."
P23,199,Other family structure,0.16,Below hinge,AI-RESISTANT,High,Low,No conflict,Low,N/A — family structure variable,Background family variable; AI has no role in the causal mechanism.
P05,200,One-on-one laptops,0.16,Below hinge,AI-NATIVE,Low,High,No conflict,Low,d≈0.14 [HYPOTHESIS]: AI-enhanced one-on-one device programs are legitimate; 0.16 is the honest baseline,AI devices are a natural extension of one-on-one laptop programs; 0.16 is the honest effect size baseline. Vendors claiming transformative impact from device deployment are making unsupported claims.
P23,201,Home-school programs,0.16,Below hinge,AI-RESISTANT,High,Low,No conflict,Low,d≈0.10 [HYPOTHESIS]: AI home-school content tools are peripheral; family relationship and curriculum design are primary,Home schooling effectiveness depends on family relationship quality and curriculum coherence; AI content tools are logistical supports.
P01,202,Sentence combining programs,0.15,Below hinge,AI-ADJACENT,Low,Low,No conflict,Low,d≈0.12 [HYPOTHESIS]: AI sentence-combining exercises are a peripheral use case,Legitimate peripheral AI use case; below-hinge effect size limits claim strength significantly.
P12,203,Parental autonomy support,0.15,Below hinge,AI-RESISTANT,High,Low,Conflict present,Low,d≈0.05 [HYPOTHESIS]: Parental autonomy support is an embodied relational family dynamic,Parental autonomy-supportive parenting requires human relational warmth and responsiveness; AI tools cannot replicate this dynamic.
P38,204,Distance education,0.13,Negligible,AI-NATIVE,Low,High,No conflict,Low,d≈0.12 [HYPOTHESIS]: AI enhances distance education; 0.13 effect size is an honest warning about distance education's limitations,AI dramatically improves distance education delivery; 0.13 effect size is a warning that distance education itself is a low-effect modality regardless of AI enhancement.
P02,205,Morning vs. evening,0.12,Negligible,AI-ADJACENT,Low,Low,No conflict,Low,N/A — chronobiological variable,Chronobiological variable; AI scheduling tools are peripheral to the biological mechanism.
P02,206,Positive ethnic self-identity,0.12,Negligible,AI-ADJACENT,Low,Low,No conflict,Low,N/A — identity development variable,Ethnic identity development requires human cultural community and relational modeling; AI has no meaningful role.
P02,207,Juvenile delinquent programs,0.12,Negligible,AI-ADJACENT,Low,Low,No conflict,Low,d≈0.08 [HYPOTHESIS]: AI can support program logistics; human mentorship and relational accountability are primary,Juvenile delinquent program effectiveness depends on human mentorship and relational accountability; AI logistics tools are peripheral.
P02,208,School choice programs,0.12,Negligible,AI-ADJACENT,Low,Low,No conflict,Low,N/A — structural policy variable,School choice is a structural policy variable; AI has no role in the causal mechanism.
P02,209,Tracking/streaming,0.12,Negligible,AI-ADJACENT,Low,Low,No conflict,Low,d≈0.05 [HYPOTHESIS]: AI can support flexible tracking decisions; structural tracking harms equity,"Structural tracking has documented equity harms; AI should support flexible, responsive grouping rather than rigid tracking."
P70,210,Mentoring,0.12,Negligible,AI-RESISTANT,High,Medium,Conflict present,Low,d≈-0.05 [HYPOTHESIS]: AI mentoring substitutes degrade genuine mentoring relationship,"Mentoring effectiveness depends on authentic human relationship, mutual commitment, and genuine care; AI cannot replicate this."
P19,211,Initial teacher training programs,0.12,Negligible,AI-ADJACENT,High,Low,No conflict,Low,d≈0.10 [HYPOTHESIS]: AI can support teacher training content delivery; human coaching and practice teaching are primary,"Initial teacher training requires human coaching, observation, and feedback on real teaching practice; AI content tools are logistical supports."
P02,212,Different types of testing,0.12,Negligible,AI-ADJACENT,Low,Low,No conflict,Low,d≈0.10 [HYPOTHESIS]: AI can diversify assessment formats; effect size below hinge limits claim strength,AI can generate diverse assessment formats; below-negligible effect size suggests test format variation alone has minimal impact.
P71,213,Teacher subject matter knowledge,0.11,Negligible,AI-RESISTANT,High,Low,No conflict,Low,d≈0.08 [HYPOTHESIS]: AI cannot substitute for teacher's integrated subject matter understanding,Teacher's pedagogical content knowledge — knowing how to teach a specific subject — requires human expertise development; AI cannot substitute.
P02,214,Diverse student body,0.10,Negligible,AI-ADJACENT,Low,Low,No conflict,Low,N/A — structural demographic variable,Structural demographic variable; AI has no role in the causal mechanism.
P02,215,Background music,0.10,Negligible,AI-ADJACENT,Low,Low,No conflict,Low,d≈0.08 [HYPOTHESIS]: AI music selection is peripheral; effect size suggests minimal educational impact,Negligible effect size; AI music selection tools are a peripheral distraction from high-effect instructional investments.
P02,216,Diversity courses,0.09,Negligible,AI-ADJACENT,Low,Low,No conflict,Low,d≈0.07 [HYPOTHESIS]: AI can deliver diversity course content; human facilitation of genuine dialogue is primary,Diversity education requires human facilitation of genuine cross-cultural dialogue; AI content delivery is peripheral.
P02,217,Charter schools,0.09,Negligible,AI-ADJACENT,Low,Low,No conflict,Low,N/A — structural institutional variable,Institutional structure variable; AI has no role in the causal mechanism.
P02,218,Modifying school calendars/timetables,0.09,Negligible,AI-ADJACENT,Low,Low,No conflict,Low,d≈0.05 [HYPOTHESIS]: AI scheduling optimization is peripheral; effect size suggests minimal educational impact,Negligible effect size; AI timetabling tools are administrative efficiencies with minimal educational impact.
P02,219,Detracking,0.09,Negligible,AI-ADJACENT,Low,Low,No conflict,Low,d≈0.07 [HYPOTHESIS]: AI can support flexible grouping; structural detracking is a policy decision,Structural policy decision; AI flexible grouping tools support implementation but do not drive the educational mechanism.
P02,220,Gender on achievement,0.08,Negligible,AI-ADJACENT,Low,Low,No conflict,Low,N/A — demographic variable,Demographic variable; AI has no role in the causal mechanism.
P02,221,Perceptual-motor programs,0.08,Negligible,AI-ADJACENT,Low,Low,No conflict,Low,d≈0.05 [HYPOTHESIS]: Physical motor skill development requires embodied practice,Embodied physical movement is the mechanism; AI has no meaningful role.
P02,222,Single-sex schools,0.08,Negligible,AI-ADJACENT,Low,Low,No conflict,Low,N/A — structural institutional variable,Institutional structure variable; AI has no role in the causal mechanism.
P02,223,Middle schools' interventions,0.08,Negligible,AI-ADJACENT,Low,Low,No conflict,Low,d≈0.05 [HYPOTHESIS]: AI can support middle school transition logistics; relational support is primary,Middle school transition support depends on human relational continuity and advising; AI logistics tools are peripheral.
P72,224,Mastery goals,0.06,Negligible,AI-AUGMENTED,Medium,High,Partial conflict,Low,d≈0.05 [HYPOTHESIS]: AI goal-tracking is peripheral; negligible effect size limits claim strength,Effect size at negligible band; AI mastery goal tracking is a peripheral support that does not warrant significant investment.
P02,225,Whole language approach,0.06,Negligible,AI-ADJACENT,Low,Low,No conflict,Low,d≈0.04 [HYPOTHESIS]: AI whole language tools are peripheral; negligible effect size below phonics instruction,Negligible effect size compared to phonics instruction (0.70); AI whole language tools should not be prioritized over phonics-based interventions.
P02,226,College halls of residence,0.05,Negligible,AI-ADJACENT,Low,Low,No conflict,Low,N/A — institutional context variable,Living context variable; AI has no meaningful role in the educational mechanism.
P19,227,Teacher performance pay,0.05,Negligible,AI-ADJACENT,High,Low,No conflict,Low,N/A — structural incentive policy variable,Performance pay is a structural policy variable with negligible effect size; AI measurement tools do not address the underlying motivation mechanism.
P02,228,Breastfeeding,0.04,Negligible,AI-ADJACENT,Low,Low,No conflict,Low,N/A — biological/health variable,Biological variable entirely outside educational AI scope.
P02,229,Multi-grade/age classes,0.04,Negligible,AI-ADJACENT,Low,Low,No conflict,Low,d≈0.03 [HYPOTHESIS]: AI content differentiation is peripheral; negligible effect size limits claim strength,Negligible effect size; multi-grade AI differentiation tools should not be prioritized over high-effect instructional investments.
P02,230,Humor,0.04,Negligible,AI-ADJACENT,Low,Low,No conflict,Low,d≈0.02 [HYPOTHESIS]: AI humor generation is peripheral; genuine teacher humor is human and contextual,Teacher humor is relational and contextually embedded; AI-generated humor is artificial and pedagogically irrelevant at this effect size.
P19,231,Parental employment,0.03,Negligible,AI-ADJACENT,High,Low,No conflict,Low,N/A — family economic variable,Background variable; AI has no role in the causal mechanism.
P73,232,Student control over learning,0.02,Negligible,AI-ADJACENT,Low,Low,Partial conflict,Low,d≈0.01 [HYPOTHESIS]: AI personalization increases student control; negligible effect size suggests control alone is insufficient,Negligible effect size; student autonomy in learning is important pedagogically but effect size suggests it does not drive achievement gains alone.
P02,233,Non-immigrant background,0.01,Negligible,AI-ADJACENT,Low,Low,No conflict,Low,N/A — demographic variable,Background demographic variable; AI has no role.
P19,234,Open vs. traditional classrooms,0.01,Negligible,AI-ADJACENT,High,Low,No conflict,Low,N/A — structural environmental variable,Physical classroom structure variable; AI has no role in the causal mechanism.
P38,235,Technology in distance education,0.01,Negligible,AI-NATIVE,Low,High,No conflict,Low,d≈0.01 [HYPOTHESIS]: AI dramatically improves distance education delivery; 0.01 baseline is the honest warning about distance education itself,AI is the natural delivery medium for distance education; 0.01 effect size is a systemic warning that distance education modality itself limits achievement regardless of technology quality.
P41,236,Performance goals,-0.01,Harmful,AI-AUGMENTED,Medium,Low,No conflict,Low,d≈-0.01 [HYPOTHESIS]: AI performance goal scaffolding does not resolve the underlying harm of performance goal orientation,"Performance goals (ego-oriented, not mastery-oriented) harm achievement; AI scaffolding of performance goals perpetuates the harm."
P08,237,Summer vacation effect,-0.02,Harmful,AI-ADJACENT,Low,Low,No conflict,Low,d≈-0.02 [HYPOTHESIS]: AI summer learning tools partially mitigate summer learning loss; structural calendar is the primary variable,Summer learning loss is a structural calendar variable; AI summer learning platforms partially offset loss but do not address root cause.
P08,238,Lack of sleep,-0.05,Harmful,AI-ADJACENT,Low,Low,No conflict,Low,N/A — biological health variable,Sleep is a biological variable; AI sleep tracking is peripheral to the educational mechanism.
P74,239,Surface motivation and approach,-0.11,Harmful,AI-ADJACENT,Low,Low,Conflict present,Low,d≈-0.15 [HYPOTHESIS]: AI gamification risks increasing surface motivation orientation,"Mechanism conflict: AI gamification systems risk reinforcing surface (extrinsic reward) motivation orientation, potentially deepening the harm."
P39,240,Family on welfare/state aid,-0.12,Harmful,AI-ADJACENT,High,Low,No conflict,Low,N/A — socioeconomic barrier variable,Socioeconomic barrier; AI has no role in the causal mechanism. Structural poverty requires structural intervention.
P39,241,Parental military deployment,-0.16,Harmful,AI-ADJACENT,High,Low,No conflict,Low,N/A — family disruption variable,Family disruption variable; AI has no meaningful role in addressing the underlying harm.
P08,242,Television,-0.18,Harmful,AI-ADJACENT,Low,Low,No conflict,Low,d≈-0.20 [HYPOTHESIS]: AI screen-time monitoring is peripheral; enforcement requires human authority,Screen time harm is mediated by displacement of learning time and sleep; AI monitoring tools require human authority for enforcement.
P75,243,Students feeling disliked,-0.19,Harmful,AI-RESISTANT,High,Low,Conflict present,Low,d≈-0.25 [HYPOTHESIS]: AI social interaction tools deepen isolation risk,Students feeling disliked requires human relational repair; AI chatbot substitution for human social connection risks deepening the harm.
P40,244,Suspension/expelling students,-0.20,Harmful,AI-RESISTANT,High,Low,No conflict,Low,d≈-0.20 [HYPOTHESIS]: Suspension harm requires human restorative relationship repair,Exclusionary discipline has documented harm; restorative alternatives require human relational judgment and community repair processes.
P76,245,Non-standard dialect use,-0.29,Harmful,AI-ADJACENT,Low,Low,Partial conflict,Low,d≈-0.15 [HYPOTHESIS]: AI dialect-insensitive feedback tools may perpetuate the harm,AI language feedback tools trained on standard dialect corpora risk perpetuating linguistic discrimination; requires careful auditing for dialect bias.
P08,246,Retention (holding students back),-0.32,Harmful,AI-ADJACENT,Low,Low,No conflict,Low,d≈-0.32 [HYPOTHESIS]: AI data can surface retention decisions; the harm of retention remains regardless of data quality,"Retention harms achievement; AI predictive analytics identifying retention candidates should prompt targeted intervention, not retention decisions."
P40,247,Corporal punishment in the home,-0.33,Harmful,AI-RESISTANT,High,Low,No conflict,Low,N/A — child welfare variable requiring human intervention,Child welfare variable requiring human institutional and legal intervention; AI has no role in the causal mechanism.
P08,248,Moving between schools,-0.34,Harmful,AI-ADJACENT,Low,Low,No conflict,Low,d≈-0.20 [HYPOTHESIS]: AI transition support tools partially mitigate school mobility harm; relational continuity is primary,School mobility harm is primarily relational disruption; AI transition scaffolding tools partially mitigate logistics but do not restore relational continuity.
P08,249,Depression,-0.36,Harmful,AI-ADJACENT,Low,Low,No conflict,Low,N/A — clinical mental health variable requiring human therapeutic intervention,Clinical depression requires human therapeutic intervention; AI mental health tools are peripheral supports only.
P77,250,Boredom,-0.49,Harmful,AI-AUGMENTED,Medium,Low,Partial conflict,Low,d≈-0.20 [HYPOTHESIS]: AI adaptive engagement reduces boredom risk; surface gamification may mask deeper disengagement,AI adaptive difficulty can reduce boredom from under-challenge; mechanism conflict risk if gamification substitutes for genuine intellectual challenge.
P41,251,Deafness,-0.61,Harmful,AI-AUGMENTED,Medium,Low,No conflict,Low,d≈-0.30 [HYPOTHESIS]: AI assistive technology for deaf students is a legitimate and important augmentation,"AI captioning, sign language tools, and assistive technology are a genuinely important augmentation; specialist human deaf education remains essential."
P78,252,ADHD,-0.90,Harmful,AI-AUGMENTED,High,Low,No conflict,Low,d≈-0.60 [HYPOTHESIS]: AI scaffolding and interface adaptation help; cannot alter the neurobiology of ADHD,"AI interface simplification and pacing tools are legitimate supports; cannot address the neurobiological basis of ADHD. The negative effect size reflects ADHD's impact on achievement, not an intervention effect."
