rank,influence,effect_size,band,ai_feasibility,human_irreducibility,vendor_activity,notes
1,Collective teacher efficacy,1.57,High,AI-RESISTANT,High,Low,"AI can organize evidence for teacher teams, but the core mechanism is collective professional agency and shared responsibility."
2,Self-reported grades,1.33,High,AI-AUGMENTED,Medium,Low,"AI can support implementation, diagnosis, scaffolding, feedback, or logistics, but human judgment remains important."
3,Teacher estimates of achievement,1.29,High,AI-AUGMENTED,High,Low,"AI can support implementation, diagnosis, scaffolding, feedback, or logistics, but human judgment remains important."
4,Cognitive task analysis,1.29,High,AI-AUGMENTED,Medium,Low,"AI can support implementation, diagnosis, scaffolding, feedback, or logistics, but human judgment remains important."
5,Response to intervention,1.29,High,AI-AUGMENTED,Medium,Low,"AI can support implementation, diagnosis, scaffolding, feedback, or logistics, but human judgment remains important."
6,Piagetian programs,1.28,High,AI-AUGMENTED,Medium,Low,"AI can support implementation, diagnosis, scaffolding, feedback, or logistics, but human judgment remains important."
7,Jigsaw method,1.2,High,AI-RESISTANT,High,Low,"Core mechanism depends on human relationship, social context, embodied judgment, or institutional trust."
8,Conceptual change programs,0.99,High,AI-AUGMENTED,Medium,Low,"AI can support implementation, diagnosis, scaffolding, feedback, or logistics, but human judgment remains important."
9,Prior ability,0.94,High,AI-ADJACENT,Low,Low,"AI may track or report on this influence, but it is not the causal mechanism."
10,Strategy to integrate with prior knowledge,0.93,High,AI-AUGMENTED,Medium,Low,"AI can support implementation, diagnosis, scaffolding, feedback, or logistics, but human judgment remains important."
11,Self-efficacy,0.92,High,AI-AUGMENTED,Medium,Low,"AI can support implementation, diagnosis, scaffolding, feedback, or logistics, but human judgment remains important."
12,Teacher credibility,0.9,High,AI-RESISTANT,High,Moderate,"Depends on perceived competence, trust, care, and classroom relationship; AI fluency is not teacher credibility."
13,Micro-teaching/video review of lessons,0.88,High,AI-AUGMENTED,Medium,Moderate,"AI can support implementation, diagnosis, scaffolding, feedback, or logistics, but human judgment remains important."
14,Transfer strategies,0.86,High,AI-AUGMENTED,Medium,Low,"AI can support implementation, diagnosis, scaffolding, feedback, or logistics, but human judgment remains important."
15,Classroom discussion,0.82,High,AI-AUGMENTED,High,Moderate,AI can scaffold prompts and summaries; the core peer reasoning and teacher-facilitated discourse must remain human.
16,Scaffolding,0.82,High,AI-AUGMENTED,Medium,Moderate,"AI can support implementation, diagnosis, scaffolding, feedback, or logistics, but human judgment remains important."
17,Deliberate practice,0.79,High,AI-AUGMENTED,Medium,Low,"AI can support implementation, diagnosis, scaffolding, feedback, or logistics, but human judgment remains important."
18,Summarization,0.79,High,AI-NATIVE,Low,Low,"Core routine is procedural or digital enough for AI/system delivery, assuming accuracy, alignment, and monitoring."
19,Effort,0.77,High,AI-AUGMENTED,Medium,Low,"AI can support implementation, diagnosis, scaffolding, feedback, or logistics, but human judgment remains important."
20,Interventions for students with learning needs,0.77,High,AI-AUGMENTED,Medium,Low,"AI can support implementation, diagnosis, scaffolding, feedback, or logistics, but human judgment remains important."
21,Mnemonics,0.76,High,AI-NATIVE,Low,Low,"Core routine is procedural or digital enough for AI/system delivery, assuming accuracy, alignment, and monitoring."
22,Planning and prediction,0.76,High,AI-AUGMENTED,Medium,High,"AI can support implementation, diagnosis, scaffolding, feedback, or logistics, but human judgment remains important."
23,Repeated reading programs,0.75,High,AI-NATIVE,Low,High,"Core routine is procedural or digital enough for AI/system delivery, assuming accuracy, alignment, and monitoring."
24,Teacher clarity,0.75,High,AI-AUGMENTED,High,Moderate,"AI can support implementation, diagnosis, scaffolding, feedback, or logistics, but human judgment remains important."
25,Elaboration and organization,0.75,High,AI-AUGMENTED,Medium,Low,"AI can support implementation, diagnosis, scaffolding, feedback, or logistics, but human judgment remains important."
26,Evaluation and reflection,0.75,High,AI-AUGMENTED,Medium,Low,"AI can support implementation, diagnosis, scaffolding, feedback, or logistics, but human judgment remains important."
27,Reciprocal teaching,0.74,High,AI-AUGMENTED,Medium,Low,"AI can support implementation, diagnosis, scaffolding, feedback, or logistics, but human judgment remains important."
28,Rehearsal and memorization,0.73,High,AI-NATIVE,Low,Low,"Core routine is procedural or digital enough for AI/system delivery, assuming accuracy, alignment, and monitoring."
29,Comprehensive instructional programs for teachers,0.72,High,AI-AUGMENTED,High,Low,"AI can support implementation, diagnosis, scaffolding, feedback, or logistics, but human judgment remains important."
30,Help seeking,0.72,High,AI-AUGMENTED,Medium,Low,"AI can support implementation, diagnosis, scaffolding, feedback, or logistics, but human judgment remains important."
31,Phonics instruction,0.7,High,AI-AUGMENTED,Medium,High,"AI can support implementation, diagnosis, scaffolding, feedback, or logistics, but human judgment remains important."
32,Feedback,0.7,High,AI-AUGMENTED,Medium,High,"Promising for fast, task-specific corrective feedback; risk is generic, inaccurate, or over-helpful feedback that students do not act on."
33,Deep motivation and approach,0.69,Above hinge,AI-AUGMENTED,Medium,Low,"AI can support implementation, diagnosis, scaffolding, feedback, or logistics, but human judgment remains important."
34,Field independence,0.68,Above hinge,AI-AUGMENTED,Medium,Low,"AI can support implementation, diagnosis, scaffolding, feedback, or logistics, but human judgment remains important."
35,Acceleration programs,0.68,Above hinge,AI-AUGMENTED,Medium,Low,"AI can support implementation, diagnosis, scaffolding, feedback, or logistics, but human judgment remains important."
36,Learning goals vs. no goals,0.68,Above hinge,AI-AUGMENTED,Medium,Low,"AI can support implementation, diagnosis, scaffolding, feedback, or logistics, but human judgment remains important."
37,Problem-solving teaching,0.68,Above hinge,AI-AUGMENTED,Medium,Low,"AI can support implementation, diagnosis, scaffolding, feedback, or logistics, but human judgment remains important."
38,Outlining and transforming,0.66,Above hinge,AI-AUGMENTED,Medium,Low,"AI can support implementation, diagnosis, scaffolding, feedback, or logistics, but human judgment remains important."
39,Concept mapping,0.64,Above hinge,AI-AUGMENTED,Medium,Moderate,"AI can support implementation, diagnosis, scaffolding, feedback, or logistics, but human judgment remains important."
40,Vocabulary programs,0.62,Above hinge,AI-NATIVE,Low,High,"Core routine is procedural or digital enough for AI/system delivery, assuming accuracy, alignment, and monitoring."
41,Creativity programs,0.62,Above hinge,AI-AUGMENTED,Medium,Low,"AI can support implementation, diagnosis, scaffolding, feedback, or logistics, but human judgment remains important."
42,Behavioral intervention programs,0.62,Above hinge,AI-RESISTANT,High,Moderate,"Core mechanism depends on human relationship, social context, embodied judgment, or institutional trust."
43,Setting standards for self-judgement,0.62,Above hinge,AI-AUGMENTED,Medium,Low,"AI can support implementation, diagnosis, scaffolding, feedback, or logistics, but human judgment remains important."
44,Teachers not labeling students,0.61,Above hinge,AI-AUGMENTED,High,Low,"AI can support implementation, diagnosis, scaffolding, feedback, or logistics, but human judgment remains important."
45,Relations of high school to university achievement,0.6,Above hinge,AI-AUGMENTED,Medium,Low,"AI can support implementation, diagnosis, scaffolding, feedback, or logistics, but human judgment remains important."
46,Meta-cognitive strategies,0.6,Above hinge,AI-AUGMENTED,Medium,Low,"AI can prompt planning, monitoring, and evaluation, but must not do the regulation for the learner."
47,Spaced vs. mass practice,0.6,Above hinge,AI-AUGMENTED,Medium,Low,"AI can support implementation, diagnosis, scaffolding, feedback, or logistics, but human judgment remains important."
48,Direct instruction,0.6,Above hinge,AI-AUGMENTED,Medium,Moderate,"AI can support implementation, diagnosis, scaffolding, feedback, or logistics, but human judgment remains important."
49,Mathematics programs,0.59,Above hinge,AI-AUGMENTED,Medium,High,"AI can support implementation, diagnosis, scaffolding, feedback, or logistics, but human judgment remains important."
50,Appropriately challenging goals,0.59,Above hinge,AI-AUGMENTED,Medium,Low,"AI can support implementation, diagnosis, scaffolding, feedback, or logistics, but human judgment remains important."
51,Spelling programs,0.58,Above hinge,AI-NATIVE,Low,Low,"Core routine is procedural or digital enough for AI/system delivery, assuming accuracy, alignment, and monitoring."
52,Tactile stimulation programs,0.58,Above hinge,AI-AUGMENTED,Medium,Low,"AI can support implementation, diagnosis, scaffolding, feedback, or logistics, but human judgment remains important."
53,Strategy monitoring,0.58,Above hinge,AI-AUGMENTED,Medium,Low,"AI can support implementation, diagnosis, scaffolding, feedback, or logistics, but human judgment remains important."
54,Service learning,0.58,Above hinge,AI-RESISTANT,High,Low,"Core mechanism depends on human relationship, social context, embodied judgment, or institutional trust."
55,Working memory strength,0.57,Above hinge,AI-ADJACENT,Low,Low,"AI may track or report on this influence, but it is not the causal mechanism."
56,Full compared to pre-term/low birth weight,0.57,Above hinge,AI-ADJACENT,Low,Low,"AI may track or report on this influence, but it is not the causal mechanism."
57,Mastery learning,0.57,Above hinge,AI-AUGMENTED,Medium,High,"AI can monitor mastery and generate extra practice, but teachers must validate mastery criteria and transfer."
58,Explicit teaching strategies,0.57,Above hinge,AI-AUGMENTED,Medium,Moderate,"AI can support implementation, diagnosis, scaffolding, feedback, or logistics, but human judgment remains important."
59,Technology with learning needs students,0.57,Above hinge,AI-NATIVE,Low,High,"Core routine is procedural or digital enough for AI/system delivery, assuming accuracy, alignment, and monitoring."
60,Concentration/persistence/ engagement,0.56,Above hinge,AI-AUGMENTED,Medium,Low,"AI can support implementation, diagnosis, scaffolding, feedback, or logistics, but human judgment remains important."
61,Prior achievement,0.55,Above hinge,AI-ADJACENT,Low,Low,"AI may track or report on this influence, but it is not the causal mechanism."
62,Visual-perception programs,0.55,Above hinge,AI-AUGMENTED,Medium,Low,"AI can support implementation, diagnosis, scaffolding, feedback, or logistics, but human judgment remains important."
63,Self-verbalization and self-questioning,0.55,Above hinge,AI-AUGMENTED,Medium,High,"AI can support implementation, diagnosis, scaffolding, feedback, or logistics, but human judgment remains important."
64,Cooperative vs. individualistic learning,0.55,Above hinge,AI-RESISTANT,High,Moderate,"Core mechanism depends on human relationship, social context, embodied judgment, or institutional trust."
65,Technology in other subjects,0.55,Above hinge,AI-NATIVE,Low,High,"Core routine is procedural or digital enough for AI/system delivery, assuming accuracy, alignment, and monitoring."
66,Practice testing,0.54,Above hinge,AI-NATIVE,Low,High,"Core routine is procedural or digital enough for AI/system delivery, assuming accuracy, alignment, and monitoring."
67,Interactive video methods,0.54,Above hinge,AI-NATIVE,Low,Low,"Core routine is procedural or digital enough for AI/system delivery, assuming accuracy, alignment, and monitoring."
68,Second/third chance programs,0.53,Above hinge,AI-AUGMENTED,Medium,Low,"AI can support implementation, diagnosis, scaffolding, feedback, or logistics, but human judgment remains important."
69,Enrichment programs,0.53,Above hinge,AI-AUGMENTED,Medium,Low,"AI can support implementation, diagnosis, scaffolding, feedback, or logistics, but human judgment remains important."
70,Positive peer influences,0.53,Above hinge,AI-RESISTANT,High,Low,"Core mechanism depends on human relationship, social context, embodied judgment, or institutional trust."
71,Peer tutoring,0.53,Above hinge,AI-RESISTANT,High,Moderate,"Core mechanism depends on human relationship, social context, embodied judgment, or institutional trust."
72,Cooperative vs. competitive learning,0.53,Above hinge,AI-RESISTANT,High,Moderate,"Core mechanism depends on human relationship, social context, embodied judgment, or institutional trust."
73,Positive family/home dynamics,0.52,Above hinge,AI-RESISTANT,High,Low,"Core mechanism depends on human relationship, social context, embodied judgment, or institutional trust."
74,Socio-economic status,0.52,Above hinge,AI-ADJACENT,Low,No,"AI may track or report on this influence, but it is not the causal mechanism."
75,Teacher-student relationships,0.52,Above hinge,AI-RESISTANT,High,Moderate,AI can support noticing and progress tracking; it cannot replace a real adult’s responsibility and relationship.
76,Self-regulation strategies,0.52,Above hinge,AI-AUGMENTED,Medium,High,"AI can support implementation, diagnosis, scaffolding, feedback, or logistics, but human judgment remains important."
77,Record keeping,0.52,Above hinge,AI-AUGMENTED,Medium,Low,"AI can support implementation, diagnosis, scaffolding, feedback, or logistics, but human judgment remains important."
78,Play programs,0.5,Above hinge,AI-RESISTANT,High,Low,"Core mechanism depends on human relationship, social context, embodied judgment, or institutional trust."
79,Parental involvement,0.5,Above hinge,AI-RESISTANT,High,Moderate,"Core mechanism depends on human relationship, social context, embodied judgment, or institutional trust."
80,Student rating of quality of teaching,0.5,Above hinge,AI-AUGMENTED,Medium,Low,"AI can support implementation, diagnosis, scaffolding, feedback, or logistics, but human judgment remains important."
81,Note taking,0.5,Above hinge,AI-AUGMENTED,Medium,High,"AI can support implementation, diagnosis, scaffolding, feedback, or logistics, but human judgment remains important."
82,Underlining and highlighting,0.5,Above hinge,AI-AUGMENTED,Medium,Low,"AI can support implementation, diagnosis, scaffolding, feedback, or logistics, but human judgment remains important."
83,Time on task,0.49,Above hinge,AI-AUGMENTED,Medium,Low,"AI can support implementation, diagnosis, scaffolding, feedback, or logistics, but human judgment remains important."
84,Science programs,0.48,Above hinge,AI-AUGMENTED,Medium,High,"AI can support implementation, diagnosis, scaffolding, feedback, or logistics, but human judgment remains important."
85,Generalized school effects,0.48,Above hinge,AI-AUGMENTED,Medium,Low,"AI can support implementation, diagnosis, scaffolding, feedback, or logistics, but human judgment remains important."
86,Clear goal intentions,0.48,Above hinge,AI-AUGMENTED,Medium,Low,"AI can support implementation, diagnosis, scaffolding, feedback, or logistics, but human judgment remains important."
87,Providing formative evaluation,0.48,Above hinge,AI-AUGMENTED,Medium,High,"AI can support implementation, diagnosis, scaffolding, feedback, or logistics, but human judgment remains important."
88,Questioning,0.48,Above hinge,AI-AUGMENTED,Medium,High,"AI can support implementation, diagnosis, scaffolding, feedback, or logistics, but human judgment remains important."
89,Intelligent tutoring systems,0.48,Above hinge,AI-NATIVE,Low,High,"Legitimate AI-native zone only when structured around curriculum, learner modeling, step-level feedback, and teacher oversight."
90,Comprehension programs,0.47,Above hinge,AI-AUGMENTED,Medium,Low,"AI can support implementation, diagnosis, scaffolding, feedback, or logistics, but human judgment remains important."
91,Integrated curricula programs,0.47,Above hinge,AI-AUGMENTED,Medium,Low,"AI can support implementation, diagnosis, scaffolding, feedback, or logistics, but human judgment remains important."
92,Small group learning,0.47,Above hinge,AI-RESISTANT,High,Moderate,"Core mechanism depends on human relationship, social context, embodied judgment, or institutional trust."
93,Information communications technology (ICT),0.47,Above hinge,AI-ADJACENT,Low,High,Broad pre-LLM technology bucket; should not be used as direct evidence for modern generative AI products.
94,Perceived task value,0.46,Above hinge,AI-AUGMENTED,Medium,Low,"AI can support implementation, diagnosis, scaffolding, feedback, or logistics, but human judgment remains important."
95,Study skills,0.46,Above hinge,AI-AUGMENTED,Medium,High,"AI can support implementation, diagnosis, scaffolding, feedback, or logistics, but human judgment remains important."
96,Relative age within a class,0.45,Above hinge,AI-ADJACENT,Low,Low,"AI may track or report on this influence, but it is not the causal mechanism."
97,Writing programs,0.45,Above hinge,AI-AUGMENTED,Medium,High,"AI can support implementation, diagnosis, scaffolding, feedback, or logistics, but human judgment remains important."
98,Imagery,0.45,Above hinge,AI-AUGMENTED,Medium,Low,"AI can support implementation, diagnosis, scaffolding, feedback, or logistics, but human judgment remains important."
99,Achieving motivation and approach,0.44,Above hinge,AI-AUGMENTED,Medium,Low,"AI can support implementation, diagnosis, scaffolding, feedback, or logistics, but human judgment remains important."
100,Early years’ interventions,0.44,Above hinge,AI-AUGMENTED,Medium,Low,"AI can support implementation, diagnosis, scaffolding, feedback, or logistics, but human judgment remains important."
101,Strong classroom cohesion,0.44,Above hinge,AI-RESISTANT,High,Low,"Core mechanism depends on human relationship, social context, embodied judgment, or institutional trust."
102,Inductive teaching,0.44,Above hinge,AI-AUGMENTED,Medium,Low,"AI can support implementation, diagnosis, scaffolding, feedback, or logistics, but human judgment remains important."
103,Technology with elementary students,0.44,Above hinge,AI-NATIVE,Low,High,"Core routine is procedural or digital enough for AI/system delivery, assuming accuracy, alignment, and monitoring."
104,Exposure to reading,0.43,Above hinge,AI-AUGMENTED,Medium,High,"AI can support implementation, diagnosis, scaffolding, feedback, or logistics, but human judgment remains important."
105,Outdoor/adventure programs,0.43,Above hinge,AI-RESISTANT,High,Low,"Core mechanism depends on human relationship, social context, embodied judgment, or institutional trust."
106,School size (600-900 students at secondary),0.43,Above hinge,AI-ADJACENT,Low,Low,"AI may track or report on this influence, but it is not the causal mechanism."
107,Teacher expectations,0.43,Above hinge,AI-AUGMENTED,High,Low,"AI can support implementation, diagnosis, scaffolding, feedback, or logistics, but human judgment remains important."
108,Philosophy in schools,0.43,Above hinge,AI-AUGMENTED,Medium,Low,"AI can support implementation, diagnosis, scaffolding, feedback, or logistics, but human judgment remains important."
109,Teaching communication skills and strategies,0.43,Above hinge,AI-AUGMENTED,Medium,Low,"AI can support implementation, diagnosis, scaffolding, feedback, or logistics, but human judgment remains important."
110,Motivation,0.42,Above hinge,AI-AUGMENTED,Medium,Low,"AI can support implementation, diagnosis, scaffolding, feedback, or logistics, but human judgment remains important."
111,Reducing anxiety,0.42,Above hinge,AI-AUGMENTED,Medium,Low,"AI can support implementation, diagnosis, scaffolding, feedback, or logistics, but human judgment remains important."
112,Elaborative interrogation,0.42,Above hinge,AI-AUGMENTED,Medium,Low,"AI can support implementation, diagnosis, scaffolding, feedback, or logistics, but human judgment remains important."
113,Behavioral organizers,0.42,Above hinge,AI-AUGMENTED,Medium,Moderate,"AI can support implementation, diagnosis, scaffolding, feedback, or logistics, but human judgment remains important."
114,Technology in writing,0.42,Above hinge,AI-NATIVE,Low,High,"Core routine is procedural or digital enough for AI/system delivery, assuming accuracy, alignment, and monitoring."
115,Technology with college students,0.42,Above hinge,AI-NATIVE,Low,High,"Core routine is procedural or digital enough for AI/system delivery, assuming accuracy, alignment, and monitoring."
116,Positive self-concept,0.41,Above hinge,AI-AUGMENTED,Medium,Low,"AI can support implementation, diagnosis, scaffolding, feedback, or logistics, but human judgment remains important."
117,Professional development programs,0.41,Above hinge,AI-AUGMENTED,Medium,Moderate,"AI can support implementation, diagnosis, scaffolding, feedback, or logistics, but human judgment remains important."
118,Relating creativity to achievement,0.4,Above hinge,AI-AUGMENTED,Medium,Low,"AI can support implementation, diagnosis, scaffolding, feedback, or logistics, but human judgment remains important."
119,Goal commitment,0.4,Above hinge,AI-AUGMENTED,Medium,Low,"AI can support implementation, diagnosis, scaffolding, feedback, or logistics, but human judgment remains important."
120,Cooperative learning,0.4,Above hinge,AI-RESISTANT,High,Moderate,"Core mechanism depends on human relationship, social context, embodied judgment, or institutional trust."
121,Inquiry-based teaching,0.4,Above hinge,AI-AUGMENTED,Medium,Low,"AI can support implementation, diagnosis, scaffolding, feedback, or logistics, but human judgment remains important."
122,After-school programs,0.4,Above hinge,AI-AUGMENTED,Medium,Moderate,"AI can support implementation, diagnosis, scaffolding, feedback, or logistics, but human judgment remains important."
123,Social skills programs,0.39,Below hinge,AI-RESISTANT,High,Moderate,"Core mechanism depends on human relationship, social context, embodied judgment, or institutional trust."
124,Relations of high school achievement to career performance,0.38,Below hinge,AI-ADJACENT,Low,Moderate,"AI may track or report on this influence, but it is not the causal mechanism."
125,Drama/arts programs,0.38,Below hinge,AI-ADJACENT,Low,Low,"AI may track or report on this influence, but it is not the causal mechanism."
126,Career interventions,0.38,Below hinge,AI-ADJACENT,Low,Moderate,"AI may track or report on this influence, but it is not the causal mechanism."
127,Music programs,0.37,Below hinge,AI-ADJACENT,Low,Low,"AI may track or report on this influence, but it is not the causal mechanism."
128,Worked examples,0.37,Below hinge,AI-NATIVE,Low,Low,"Core routine is procedural or digital enough for AI/system delivery, assuming accuracy, alignment, and monitoring."
129,Mobile phones,0.37,Below hinge,AI-ADJACENT,Low,High,Below hinge; AI may increase utility in constrained tasks but also increases distraction and off-task risks.
130,Bilingual programs,0.36,Below hinge,AI-ADJACENT,Low,Low,"AI may track or report on this influence, but it is not the causal mechanism."
131,Student-centered teaching,0.36,Below hinge,AI-ADJACENT,Low,Low,"AI may track or report on this influence, but it is not the causal mechanism."
132,Attitude to content domains,0.35,Below hinge,AI-ADJACENT,Low,Low,"AI may track or report on this influence, but it is not the causal mechanism."
133,Counseling effects,0.35,Below hinge,AI-RESISTANT,High,Moderate,"Core mechanism depends on human relationship, social context, embodied judgment, or institutional trust."
134,Classroom management,0.35,Below hinge,AI-RESISTANT,High,Moderate,"Core mechanism depends on human relationship, social context, embodied judgment, or institutional trust."
135,Gaming/simulations,0.35,Below hinge,AI-NATIVE,Low,High,"Core routine is procedural or digital enough for AI/system delivery, assuming accuracy, alignment, and monitoring."
136,Chess instruction,0.34,Below hinge,AI-ADJACENT,Low,Low,"AI may track or report on this influence, but it is not the causal mechanism."
137,Motivation/character programs,0.34,Below hinge,AI-ADJACENT,Low,Low,"AI may track or report on this influence, but it is not the causal mechanism."
138,Decreasing disruptive behavior,0.34,Below hinge,AI-RESISTANT,High,Low,"Core mechanism depends on human relationship, social context, embodied judgment, or institutional trust."
139,Collaborative learning,0.34,Below hinge,AI-RESISTANT,High,Moderate,"Core mechanism depends on human relationship, social context, embodied judgment, or institutional trust."
140,Teaching creative thinking,0.34,Below hinge,AI-ADJACENT,Low,Low,"AI may track or report on this influence, but it is not the causal mechanism."
141,Stereotype threat,0.33,Below hinge,AI-ADJACENT,Low,Low,"AI may track or report on this influence, but it is not the causal mechanism."
142,Technology in mathematics,0.33,Below hinge,AI-NATIVE,Low,High,"Core routine is procedural or digital enough for AI/system delivery, assuming accuracy, alignment, and monitoring."
143,ADHD – treatment with drugs,0.32,Below hinge,AI-ADJACENT,Low,No,"AI may track or report on this influence, but it is not the causal mechanism."
144,Principals/school leaders,0.32,Below hinge,AI-RESISTANT,High,Low,"Core mechanism depends on human relationship, social context, embodied judgment, or institutional trust."
145,School climate,0.32,Below hinge,AI-RESISTANT,High,Moderate,"Core mechanism depends on human relationship, social context, embodied judgment, or institutional trust."
146,Average teacher effects,0.32,Below hinge,AI-ADJACENT,High,Low,"AI may track or report on this influence, but it is not the causal mechanism."
147,Adjunct aids,0.32,Below hinge,AI-ADJACENT,Low,Low,"AI may track or report on this influence, but it is not the causal mechanism."
148,External accountability systems,0.31,Below hinge,AI-ADJACENT,Low,Low,"AI may track or report on this influence, but it is not the causal mechanism."
149,Matching style of learning,0.31,Below hinge,AI-ADJACENT,Low,Low,"AI may track or report on this influence, but it is not the causal mechanism."
150,Manipulative materials on math,0.3,Below hinge,AI-ADJACENT,Low,Low,"AI may track or report on this influence, but it is not the causal mechanism."
151,Ability grouping for gifted students,0.3,Below hinge,AI-ADJACENT,Low,Low,"AI may track or report on this influence, but it is not the causal mechanism."
152,Teaching test taking and coaching,0.3,Below hinge,AI-ADJACENT,Low,Low,"AI may track or report on this influence, but it is not the causal mechanism."
153,Technology with high school students,0.3,Below hinge,AI-NATIVE,Low,High,"Core routine is procedural or digital enough for AI/system delivery, assuming accuracy, alignment, and monitoring."
154,Mindfulness,0.29,Below hinge,AI-ADJACENT,Low,Moderate,"AI may track or report on this influence, but it is not the causal mechanism."
155,Home visiting,0.29,Below hinge,AI-RESISTANT,High,Low,"Core mechanism depends on human relationship, social context, embodied judgment, or institutional trust."
156,Cognitive behavioral programs,0.29,Below hinge,AI-ADJACENT,Low,Moderate,"AI may track or report on this influence, but it is not the causal mechanism."
157,Online and digital tools,0.29,Below hinge,AI-NATIVE,Low,High,"Core routine is procedural or digital enough for AI/system delivery, assuming accuracy, alignment, and monitoring."
158,Technology in reading/literacy,0.29,Below hinge,AI-NATIVE,Low,High,"Core routine is procedural or digital enough for AI/system delivery, assuming accuracy, alignment, and monitoring."
159,Homework,0.29,Below hinge,AI-RESISTANT,High,High,"Core mechanism depends on human relationship, social context, embodied judgment, or institutional trust."
160,Desegregation,0.28,Below hinge,AI-ADJACENT,Low,Low,"AI may track or report on this influence, but it is not the causal mechanism."
161,Pre-school programs,0.28,Below hinge,AI-ADJACENT,Low,Low,"AI may track or report on this influence, but it is not the causal mechanism."
162,Whole-school improvement programs,0.28,Below hinge,AI-ADJACENT,Low,Low,"AI may track or report on this influence, but it is not the causal mechanism."
163,Use of calculators,0.27,Below hinge,AI-NATIVE,Low,High,"Core routine is procedural or digital enough for AI/system delivery, assuming accuracy, alignment, and monitoring."
164,Mainstreaming/inclusion,0.27,Below hinge,AI-ADJACENT,Low,Low,"AI may track or report on this influence, but it is not the causal mechanism."
165,Student personality attributes,0.26,Below hinge,AI-ADJACENT,Low,Low,"AI may track or report on this influence, but it is not the causal mechanism."
166,Exercise/relaxation,0.26,Below hinge,AI-ADJACENT,Low,Low,"AI may track or report on this influence, but it is not the causal mechanism."
167,Lack of illness,0.26,Below hinge,AI-ADJACENT,Low,No,"AI may track or report on this influence, but it is not the causal mechanism."
168,Out-of-school curricula experiences,0.26,Below hinge,AI-ADJACENT,Low,Low,"AI may track or report on this influence, but it is not the causal mechanism."
169,Volunteer tutors,0.26,Below hinge,AI-RESISTANT,High,Low,"Core mechanism depends on human relationship, social context, embodied judgment, or institutional trust."
170,Problem-based learning,0.26,Below hinge,AI-ADJACENT,Low,Low,"AI may track or report on this influence, but it is not the causal mechanism."
171,Use of PowerPoint,0.26,Below hinge,AI-NATIVE,Low,High,"Core routine is procedural or digital enough for AI/system delivery, assuming accuracy, alignment, and monitoring."
172,Grit/incremental vs. entity thinking,0.25,Below hinge,AI-ADJACENT,Low,Low,"AI may track or report on this influence, but it is not the causal mechanism."
173,Adopted vs non-adopted care,0.25,Below hinge,AI-ADJACENT,Low,Low,"AI may track or report on this influence, but it is not the causal mechanism."
174,Religious schools,0.24,Below hinge,AI-ADJACENT,Low,Low,"AI may track or report on this influence, but it is not the causal mechanism."
175,Competitive vs. individualistic learning,0.24,Below hinge,AI-ADJACENT,Low,Low,"AI may track or report on this influence, but it is not the causal mechanism."
176,Intact (two-parent) families,0.23,Below hinge,AI-ADJACENT,High,Low,"AI may track or report on this influence, but it is not the causal mechanism."
177,Summer school,0.23,Below hinge,AI-ADJACENT,Low,Moderate,"AI may track or report on this influence, but it is not the causal mechanism."
178,Teacher personality attributes,0.23,Below hinge,AI-ADJACENT,High,Low,"AI may track or report on this influence, but it is not the causal mechanism."
179,Individualized instruction,0.23,Below hinge,AI-ADJACENT,Low,Low,"AI may track or report on this influence, but it is not the causal mechanism."
180,Programmed instruction,0.23,Below hinge,AI-NATIVE,Low,Low,"Core routine is procedural or digital enough for AI/system delivery, assuming accuracy, alignment, and monitoring."
181,Technology in science,0.23,Below hinge,AI-NATIVE,Low,High,"Core routine is procedural or digital enough for AI/system delivery, assuming accuracy, alignment, and monitoring."
182,Teacher verbal ability,0.22,Below hinge,AI-RESISTANT,High,Low,"Core mechanism depends on human relationship, social context, embodied judgment, or institutional trust."
183,Clickers,0.22,Below hinge,AI-NATIVE,Low,High,"Core routine is procedural or digital enough for AI/system delivery, assuming accuracy, alignment, and monitoring."
184,Visual/audio-visual methods,0.22,Below hinge,AI-ADJACENT,Low,Low,"AI may track or report on this influence, but it is not the causal mechanism."
185,Finances,0.21,Below hinge,AI-ADJACENT,Low,Low,"AI may track or report on this influence, but it is not the causal mechanism."
186,Reducing class size,0.21,Below hinge,AI-ADJACENT,Low,Low,"AI may track or report on this influence, but it is not the causal mechanism."
187,Interleaved practice,0.21,Below hinge,AI-AUGMENTED,Medium,Low,"AI can support implementation, diagnosis, scaffolding, feedback, or logistics, but human judgment remains important."
188,Discovery-based teaching,0.21,Below hinge,AI-ADJACENT,Low,Low,"AI may track or report on this influence, but it is not the causal mechanism."
189,Technology in small groups,0.21,Below hinge,AI-RESISTANT,High,High,"Core mechanism depends on human relationship, social context, embodied judgment, or institutional trust."
190,Student support programs – college,0.21,Below hinge,AI-ADJACENT,Low,Low,"AI may track or report on this influence, but it is not the causal mechanism."
191,Extra-curricula programs,0.2,Below hinge,AI-ADJACENT,Low,Low,"AI may track or report on this influence, but it is not the causal mechanism."
192,Engaged vs disengaged fathers,0.2,Below hinge,AI-ADJACENT,Low,Low,"AI may track or report on this influence, but it is not the causal mechanism."
193,Aptitude/treatment interactions,0.19,Below hinge,AI-ADJACENT,Low,Low,"AI may track or report on this influence, but it is not the causal mechanism."
194,Learning hierarchies-based approach,0.19,Below hinge,AI-ADJACENT,Low,Low,"AI may track or report on this influence, but it is not the causal mechanism."
195,Co- or team teaching,0.19,Below hinge,AI-ADJACENT,Low,Low,"AI may track or report on this influence, but it is not the causal mechanism."
196,Within class grouping,0.18,Below hinge,AI-ADJACENT,Low,Low,"AI may track or report on this influence, but it is not the causal mechanism."
197,Web-based learning,0.18,Below hinge,AI-NATIVE,Low,High,"Core routine is procedural or digital enough for AI/system delivery, assuming accuracy, alignment, and monitoring."
198,Lack of stress,0.17,Below hinge,AI-ADJACENT,Low,Low,"AI may track or report on this influence, but it is not the causal mechanism."
199,Other family structure,0.16,Below hinge,AI-RESISTANT,High,Low,"Core mechanism depends on human relationship, social context, embodied judgment, or institutional trust."
200,One-on-one laptops,0.16,Below hinge,AI-NATIVE,Low,High,"Core routine is procedural or digital enough for AI/system delivery, assuming accuracy, alignment, and monitoring."
201,Home-school programs,0.16,Below hinge,AI-RESISTANT,High,Low,"Core mechanism depends on human relationship, social context, embodied judgment, or institutional trust."
202,Sentence combining programs,0.15,Below hinge,AI-ADJACENT,Low,Low,"AI may track or report on this influence, but it is not the causal mechanism."
203,Parental autonomy support,0.15,Below hinge,AI-RESISTANT,High,Low,"Core mechanism depends on human relationship, social context, embodied judgment, or institutional trust."
204,Distance education,0.13,Negligible,AI-NATIVE,Low,High,"Core routine is procedural or digital enough for AI/system delivery, assuming accuracy, alignment, and monitoring."
205,Morning vs. evening,0.12,Negligible,AI-ADJACENT,Low,Low,"AI may track or report on this influence, but it is not the causal mechanism."
206,Positive ethnic self-identity,0.12,Negligible,AI-ADJACENT,Low,Low,"AI may track or report on this influence, but it is not the causal mechanism."
207,Juvenile delinquent programs,0.12,Negligible,AI-ADJACENT,Low,Low,"AI may track or report on this influence, but it is not the causal mechanism."
208,School choice programs,0.12,Negligible,AI-ADJACENT,Low,Low,"AI may track or report on this influence, but it is not the causal mechanism."
209,Tracking/streaming,0.12,Negligible,AI-ADJACENT,Low,Low,"AI may track or report on this influence, but it is not the causal mechanism."
210,Mentoring,0.12,Negligible,AI-RESISTANT,High,Moderate,"Core mechanism depends on human relationship, social context, embodied judgment, or institutional trust."
211,Initial teacher training programs,0.12,Negligible,AI-ADJACENT,High,Low,"AI may track or report on this influence, but it is not the causal mechanism."
212,Different types of testing,0.12,Negligible,AI-ADJACENT,Low,Low,"AI may track or report on this influence, but it is not the causal mechanism."
213,Teacher subject matter knowledge,0.11,Negligible,AI-RESISTANT,High,Low,"Core mechanism depends on human relationship, social context, embodied judgment, or institutional trust."
214,Diverse student body,0.1,Negligible,AI-ADJACENT,Low,Low,"AI may track or report on this influence, but it is not the causal mechanism."
215,Background music,0.1,Negligible,AI-ADJACENT,Low,Low,"AI may track or report on this influence, but it is not the causal mechanism."
216,Diversity courses,0.09,Negligible,AI-ADJACENT,Low,Low,"AI may track or report on this influence, but it is not the causal mechanism."
217,Charter schools,0.09,Negligible,AI-ADJACENT,Low,Low,"AI may track or report on this influence, but it is not the causal mechanism."
218,Modifying school calendars/timetables,0.09,Negligible,AI-ADJACENT,Low,Low,"AI may track or report on this influence, but it is not the causal mechanism."
219,Detracking,0.09,Negligible,AI-ADJACENT,Low,Low,"AI may track or report on this influence, but it is not the causal mechanism."
220,Gender on achievement,0.08,Negligible,AI-ADJACENT,Low,No,"AI may track or report on this influence, but it is not the causal mechanism."
221,Perceptual-motor programs,0.08,Negligible,AI-ADJACENT,Low,Low,"AI may track or report on this influence, but it is not the causal mechanism."
222,Single-sex schools,0.08,Negligible,AI-ADJACENT,Low,Low,"AI may track or report on this influence, but it is not the causal mechanism."
223,Middle schools’ interventions,0.08,Negligible,AI-ADJACENT,Low,Low,"AI may track or report on this influence, but it is not the causal mechanism."
224,Mastery goals,0.06,Negligible,AI-AUGMENTED,Medium,High,"AI can support implementation, diagnosis, scaffolding, feedback, or logistics, but human judgment remains important."
225,Whole language approach,0.06,Negligible,AI-ADJACENT,Low,Low,"AI may track or report on this influence, but it is not the causal mechanism."
226,College halls of residence,0.05,Negligible,AI-ADJACENT,Low,Low,"AI may track or report on this influence, but it is not the causal mechanism."
227,Teacher performance pay,0.05,Negligible,AI-ADJACENT,High,Low,"AI may track or report on this influence, but it is not the causal mechanism."
228,Breastfeeding,0.04,Negligible,AI-ADJACENT,Low,No,"AI may track or report on this influence, but it is not the causal mechanism."
229,Multi-grade/age classes,0.04,Negligible,AI-ADJACENT,Low,Low,"AI may track or report on this influence, but it is not the causal mechanism."
230,Humor,0.04,Negligible,AI-ADJACENT,Low,Low,"AI may track or report on this influence, but it is not the causal mechanism."
231,Parental employment,0.03,Negligible,AI-ADJACENT,High,Low,"AI may track or report on this influence, but it is not the causal mechanism."
232,Student control over learning,0.02,Negligible,AI-ADJACENT,Low,Low,"AI may track or report on this influence, but it is not the causal mechanism."
233,Non-immigrant background,0.01,Negligible,AI-ADJACENT,Low,Low,"AI may track or report on this influence, but it is not the causal mechanism."
234,Open vs. traditional classrooms,0.01,Negligible,AI-ADJACENT,High,Low,"AI may track or report on this influence, but it is not the causal mechanism."
235,Technology in distance education,0.01,Negligible,AI-NATIVE,Low,High,"Core routine is procedural or digital enough for AI/system delivery, assuming accuracy, alignment, and monitoring."
236,Performance goals,-0.01,Harmful,AI-AUGMENTED,Medium,Low,"AI can support implementation, diagnosis, scaffolding, feedback, or logistics, but human judgment remains important."
237,Summer vacation effect,-0.02,Harmful,AI-ADJACENT,Low,Low,"AI may track or report on this influence, but it is not the causal mechanism."
238,Lack of sleep,-0.05,Harmful,AI-ADJACENT,Low,No,"AI may track or report on this influence, but it is not the causal mechanism."
239,Surface motivation and approach,-0.11,Harmful,AI-ADJACENT,Low,Low,"AI may track or report on this influence, but it is not the causal mechanism."
240,Family on welfare/state aid,-0.12,Harmful,AI-ADJACENT,High,No,"AI may track or report on this influence, but it is not the causal mechanism."
241,Parental military deployment,-0.16,Harmful,AI-ADJACENT,High,No,"AI may track or report on this influence, but it is not the causal mechanism."
242,Television,-0.18,Harmful,AI-ADJACENT,Low,Low,"AI may track or report on this influence, but it is not the causal mechanism."
243,Students feeling disliked,-0.19,Harmful,AI-RESISTANT,High,Low,"Core mechanism depends on human relationship, social context, embodied judgment, or institutional trust."
244,Suspension/expelling students,-0.2,Harmful,AI-RESISTANT,High,Low,"Core mechanism depends on human relationship, social context, embodied judgment, or institutional trust."
245,Non-standard dialect use,-0.29,Harmful,AI-ADJACENT,Low,Low,"AI may track or report on this influence, but it is not the causal mechanism."
246,Retention (holding students back),-0.32,Harmful,AI-ADJACENT,Low,Low,"AI may track or report on this influence, but it is not the causal mechanism."
247,Corporal punishment in the home,-0.33,Harmful,AI-RESISTANT,High,Low,"Core mechanism depends on human relationship, social context, embodied judgment, or institutional trust."
248,Moving between schools,-0.34,Harmful,AI-ADJACENT,Low,Low,"AI may track or report on this influence, but it is not the causal mechanism."
249,Depression,-0.36,Harmful,AI-ADJACENT,Low,No,"AI may track or report on this influence, but it is not the causal mechanism."
250,Boredom,-0.49,Harmful,AI-ADJACENT,Low,Low,"AI may track or report on this influence, but it is not the causal mechanism."
251,Deafness,-0.61,Harmful,AI-ADJACENT,Low,No,"AI may track or report on this influence, but it is not the causal mechanism."
252,ADHD,-0.9,Harmful,AI-ADJACENT,Low,No,"AI may track or report on this influence, but it is not the causal mechanism."
